ins,additive_name,food_category_code,food_category,max_level,limit_type,note,page
,PHOSPHATES,1.1.1.1,Milk (plain),"1,500 mg/kg",numeric,"33, 227",69
,PHOSPHATES,1.1.1.2,"Buttermilk
(plain)","1,500 mg/kg",numeric,33,69
950,"Acesulfame
potassium",1.1.2,"Dairy-based
drinks -
flavoured
milk and/or
fermented",350 mg/kg,numeric,188,69
129,Allura red AC,1.1.2,"Dairy-based
drinks -
flavoured
milk and/or
fermented",100 mg/kg,numeric,52,69
951,Aspartame,1.1.2,"Dairy-based
drinks -
flavoured
milk and/or
fermented",600 mg/kg,numeric,191,69
962,"Aspartame-
Acesulfame salt",1.1.2,"Dairy-based
drinks -
flavoured
milk and/or
fermented",350 mg/kg,numeric,113,69
133,Brilliant blue FCF,1.1.2,"Dairy-based
drinks -
flavoured
milk and/or
fermented",100 mg/kg,numeric,52,69
,"CAROTENOID
S",1.1.2,"Dairy-based
drinks -
flavoured
milk and/or
fermented",150 mg/kg,numeric,52,69
100,Curcumin,1.1.2,"Dairy-based
drinks -
flavoured
milk and/or
fermented",100 mg/kg,numeric,,69
161g,Canthaxanthin,1.1.2,"Dairy-based
drinks -
flavoured
milk and/or
fermented",15 mg/kg,numeric,"52, 170",69
150a,"Caramel color
(plain)",1.1.2,"Dairy-based
drinks -
flavoured
milk and/or
fermented",GMP,gmp,,69
150c,"Caramel III -
ammonia caramel",1.1.2,"Dairy-based
drinks -
flavoured
milk and/or
fermented","2,000 mg/kg",numeric,52,69
150d,"Caramel IV -
sulfite ammonia
caramel",1.1.2,"Dairy-based
drinks -
flavoured
milk and/or
fermented","2,000 mg/kg",numeric,52,69
,Annatto,1.1.2,"Dairy-based
drinks -
flavoured
milk and/or
fermented",100 mg/kg,numeric,,69
160a(ii),"beta-Carotenes,
vegetable",1.1.2,"Dairy-based
drinks -
flavoured
milk and/or
fermented","1,000 mg/kg",numeric,52,69
,"CHLOROPHYL
LS AND
CHLOROPHYL",1.1.2,"Dairy-based
drinks -
flavoured
milk and/or
fermented",50 mg/kg,numeric,"190, 52",69
472e,Diacetyltartaric,,,"5,000 mg/kg",numeric,,70
143,Fast green FCF,,,100 mg/kg,numeric,52,70
163(ii),Grape skin extract,,,150 mg/kg,numeric,"181, 52",70
,IRON OXIDES,,,20 mg/kg,numeric,52,70
132,Indigotine (Indigo,,,100 mg/kg,numeric,52,70
961,Neotame,,,20 mg/kg,numeric,,70
,PHOSPHATES,,,"1,320 mg/kg",numeric,33,70
,POLYSORBAT,,,"3,000 mg/kg",numeric,,70
124,Ponceau 4R,,,100 mg/kg,numeric,52,70
122,Carmoisine,,,100 mg/kg,numeric,,70
127,Erythrosine,,,50 mg/kg,numeric,,70
102,Tartrazine,,,100 mg/kg,numeric,,70
477,Propylene glycol,,,"5,000 mg/kg",numeric,,70
,RIBOFLAVINS,,,300 mg/kg,numeric,52,70
,SACCHARINS,,,80 mg/kg,numeric,,70
,SORBATES,,,"1,000 mg/kg",numeric,"220, 42",70
960,Steviol glycosides,,,200 mg/kg,numeric,"26, 201",70
955,Sucralose,,,300 mg/kg,numeric,,70
474,Sucroglycerides,,,"5,000 mg/kg",numeric,,70
110,Sunset yellow,,,100 mg/kg,numeric,52,70
554,Sodium,,,60 mg/kg,numeric,"6, 253",71
464,Hydroxy propyl,,"Hydroxy propyl
methyl cellulose",7.5 g/kg,numeric,,71
,PHOSPHATES,1.2,"Fermented
and renneted
milk products
(plain),
excluding
food category
01.1.2 (dairy-
based drinks),
fermented
milk
products,yog
hurt,
flavoured
yoghurt, dahi,
flavoured
dahi,mishti
dahi","1,000 mg/kg",numeric,33,71
150d,Caramel IV -,1.2.1,"Fermented
milks (plain)*",150 mg/kg,numeric,12,71
472e,Diacetyltartaric,1.2.1.2,"Fermented
milks (plain)
heat treated
after
fermentation","5,000 mg/kg",numeric,,72
472a,Acetic and fatty,1.2.1.2,"Fermented
milks (plain)
heat treated
after
fermentation",GMP,gmp,234,72
1401,Acid treated,1.2.1.2,"Fermented
milks (plain)
heat treated
after
fermentation",GMP,gmp,234,72
1402,Alkaline treated,1.2.1.2,"Fermented
milks (plain)
heat treated
after
fermentation",GMP,gmp,234,72
1403,Bleached starch,1.2.1.2,"Fermented
milks (plain)
heat treated
after
fermentation",GMP,gmp,234,72
418,Gellan gum,1.2.1.2,"Fermented
milks (plain)
heat treated
after
fermentation",GMP,gmp,234,72
575,Glucono delta-,1.2.1.2,"Fermented
milks (plain)
heat treated
after
fermentation",GMP,gmp,,72
412,Guar gum,1.2.1.2,"Fermented
milks (plain)
heat treated
after
fermentation",GMP,gmp,234,72
414,Gum arabic,1.2.1.2,"Fermented
milks (plain)
heat treated
after
fermentation",GMP,gmp,234,72
463,Hydroxypropyl,1.2.1.2,"Fermented
milks (plain)
heat treated
after
fermentation",GMP,gmp,234,72
464,Hydroxypropyl,1.2.1.2,"Fermented
milks (plain)
heat treated
after
fermentation",GMP,gmp,234,72
1440,Hydroxypropyl,1.2.1.2,"Fermented
milks (plain)
heat treated
after
fermentation",GMP,gmp,234,72
416,Karaya gum,1.2.1.2,"Fermented
milks (plain)
heat treated
after
fermentation",GMP,gmp,234,72
425,Konjac flour,1.2.1.2,"Fermented
milks (plain)
heat treated
after
fermentation",GMP,gmp,234,72
472b,Lactic and fatty,,,GMP,gmp,234,73
504(i),Magnesium,,,GMP,gmp,,73
511,Magnesium,,,GMP,gmp,234,73
528,Magnesium,,,GMP,gmp,,73
504(ii),Magnesium,,,GMP,gmp,,73
296,"Malic acid, DL-",,,GMP,gmp,,73
461,Methyl cellulose,,,GMP,gmp,234,73
465,Methyl ethyl,,,GMP,gmp,234,73
460(i),Microcrystalline,,,GMP,gmp,234,73
471,Mono and di,,,GMP,gmp,234,73
941,Nitrogen,,,GMP,gmp,59,73
942,Nitrous oxide,,,GMP,gmp,59,73
440,Pectins,,,GMP,gmp,234,73
400,Alginic acid,,,GMP,gmp,234,73
403,Ammonium,,,GMP,gmp,234,73
527,Ammonium,,,GMP,gmp,,73
404,Calcium alginate,,,GMP,gmp,234,74
170(i),Calcium,,,GMP,gmp,,74
526,Calcium,,,GMP,gmp,,74
327,Calcium lactate,,,GMP,gmp,,74
529,Calcium oxide,,,GMP,gmp,,74
290,Carbon dioxide,,,GMP,gmp,59,74
410,Carob bean gum,,,GMP,gmp,234,74
330,Citric acid,,,GMP,gmp,,74
472c,Citric and fatty,,,GMP,gmp,234,74
402,Potassium,,,GMP,gmp,234,74
501(i),Potassium,,,GMP,gmp,234,74
332(i),Potassium,,,GMP,gmp,234,74
326,Potassium lactate,,,GMP,gmp,,74
460(ii),Powdered,,,GMP,gmp,,74
470(i),"Salts of myristic,",,,GMP,gmp,234,74
470(ii),Salts of oleic acid,,,GMP,gmp,234,75
401,Sodium alginate,,,GMP,gmp,234,75
500(i),Sodium carbonate,,,GMP,gmp,,75
466,Carboxymethyl,,,GMP,gmp,234,75
331(i),Sodium,,,GMP,gmp,234,75
500(ii),Sodium hydrogen,,,GMP,gmp,,75
524,Sodium hydroxide,,,GMP,gmp,,75
325,Sodium lactate,,,GMP,gmp,,75
417,Tara gum,,,GMP,gmp,234,75
413,Tragacanth gum,,,GMP,gmp,234,75
332(ii),Tripotassium,,,GMP,gmp,234,75
415,Xanthan gum,,,GMP,gmp,234,75
100,Curcumin,,,100 mg/kg,numeric,,75
,RIBOFLAVINS,,,GMP,gmp,,75
150a,Caramel colour,,,150 mg/kg,numeric,,75
,Annatto,,Annatto,100 mg/kg,numeric,,75
,"CAROTENOID
S",,Annatto,100 mg/kg,numeric,,75
161g,Canthaxanthin,,,100 mg/kg,numeric,,76
102,Tartrazine,,,100 mg/kg,numeric,,76
110,Sunset yellow,,,100 mg/kg,numeric,,76
122,Carmoisine,,,100 mg/kg,numeric,,76
124,Ponceau 4R,,,100 mg/kg,numeric,,76
127,Erythrosine,,,50 mg/kg,numeric,,76
132,Indigotine,,,100 mg/kg,numeric,3,76
133,Brilliant blue FCF,,,100 mg/kg,numeric,,76
143,Fast green FCF,,,100 mg/kg,numeric,,76
150d,Caramel IV -,1.2.2,"Renneted
milk (plain)",GMP,gmp,,76
472e,Diacetyltartaric,1.2.2,"Renneted
milk (plain)","5,000 mg/kg",numeric,,76
,SORBATES,1.2.2,SORBATES,"1,000 mg/kg",numeric,42,76
170(i),Calcium,1.2.2,SORBATES,GMP,gmp,,76
290,Carbon dioxide,1.2.2,SORBATES,GMP,gmp,59,76
,Lecithins,1.2.2,Lecithins,GMP,gmp,,76
410,Carob bean gum,1.2.2,Lecithins,GMP,gmp,,76
412,Guar gum,1.2.2,Lecithins,GMP,gmp,,76
414,Gum arabic,1.2.2,Lecithins,GMP,gmp,,76
421,Mannitol,,,GMP,gmp,,77
422,Glycerol,,,GMP,gmp,,77
460(i),Microcrystalline,,,GMP,gmp,,77
461,Methyl cellulose,,,GMP,gmp,,77
463,Hydroxypropyl,,,GMP,gmp,,77
464,Hydroxypropyl,,,GMP,gmp,,77
465,Methyl ethyl,,,GMP,gmp,,77
472a,Acetic and fatty,,,GMP,gmp,,77
472b,Lactic and fatty,,,GMP,gmp,,77
472c,Citric and fatty,,,GMP,gmp,,77
511,Magnesium,,,GMP,gmp,,77
941,Nitrogen,,,GMP,gmp,,77
1400,"Dextrins, roasted",,,GMP,gmp,,77
1401,Acid-treated,,,GMP,gmp,,77
1402,Alkaline treated,,,GMP,gmp,,77
1403,Bleached starch,,,GMP,gmp,,78
1404,Oxidized starch,,,GMP,gmp,,78
1410,Monostarch,,,GMP,gmp,,78
1412,Distarch,,,GMP,gmp,,78
1414,Acetylated,,,GMP,gmp,,78
1422,Acetylated,,,GMP,gmp,,78
1440,Hydroxypropyl,,,GMP,gmp,,78
1442,Hydroxypropyl,,,GMP,gmp,,78
440,Pectins,,,GMP,gmp,,78
1413,Phosphated,,,GMP,gmp,,78
332(i),Potassium,,,GMP,gmp,,78
460(ii),Powdered,,,GMP,gmp,,78
470(i),"Salts of myristic,",,,GMP,gmp,,78
470(ii),Salts of oleic acid,,,GMP,gmp,,79
466,Carboxymethyl,,,GMP,gmp,,79
331(i),Sodium,,,GMP,gmp,,79
1420,Starch acetate,,,GMP,gmp,,79
1450,Starch sodium,,,GMP,gmp,,79
1405,"Starches, enzyme",,,GMP,gmp,,79
417,Tara gum,,,GMP,gmp,,79
413,Tragacanth gum,,,GMP,gmp,,79
332(ii),Tripotassium,,,GMP,gmp,,79
331(iii),Trisodium citrate,,,GMP,gmp,,79
575,"Glucono delta
lactone",,,GMP,gmp,,80
,Propionic acid;,,,"2,000 mg/kg",numeric,,80
,SORBATES,,SORBATES,"2,000 mg/kg",numeric,,80
234,Nisin,,SORBATES,12.5 mg/kg,numeric,,80
407,Carrageenan,,SORBATES,150 mg/kg,numeric,,80
,ASCORBYL,1.3.2.1,"Non dairy
based
beverage
whitener",80 mg/kg,numeric,10,81
950,Acesulfame,1.3.2.1,"Non dairy
based
beverage
whitener","2,000 mg/kg",numeric,188,81
951,Aspartame,1.3.2.1,"Non dairy
based
beverage
whitener","6,000 mg/kg",numeric,191,81
,CAROTENOID,1.3.2.1,"Non dairy
based
beverage
whitener",100 mg/kg,numeric,,81
150c,Caramel III -,1.3.2.1,"Non dairy
based
beverage
whitener","1,000 mg/kg",numeric,,81
150d,Caramel IV -,1.3.2.1,"Non dairy
based
beverage
whitener","1,000 mg/kg",numeric,,81
160a(ii),"beta-Carotenes,",1.3.2.1,"Non dairy
based
beverage
whitener","1,000 mg/kg",numeric,,81
472e,Diacetyl tartaric,1.3.2.1,"Non dairy
based
beverage
whitener","5,000 mg/kg",numeric,,81
961,Neotame,1.3.2.1,"Non dairy
based
beverage
whitener",65 mg/kg,numeric,,81
,POLYSORBAT,1.3.2.1,"Non dairy
based
beverage
whitener","4,000 mg/kg",numeric,,81
477,Propylene glycol,1.3.2.1,"Non dairy
based
beverage
whitener","1,000 mg/kg",numeric,,81
,RIBOFLAVINS,1.3.2.1,"Non dairy
based
beverage
whitener",300 mg/kg,numeric,,81
,SORBATES,1.3.2.1,"Non dairy
based
beverage
whitener",200 mg/kg,numeric,42,81
554,Sodium alumino,1.3.2.1,"Non dairy
based
beverage
whitener",570 mg/kg,numeric,"260, 6",81
955,Sucralose,,,580 mg/kg,numeric,,82
319,Tertiary,,,100 mg/kg,numeric,"15, 195",82
,PHOSPHATES,1.4.2,"Sterilized and
UHT creams,
whipping and
whipped
creams, and
reduced fat
creams
(plain)","2,200 mg/kg",numeric,33,82
,POLYSORBAT,1.4.2,"Sterilized and
UHT creams,
whipping and
whipped
creams, and
reduced fat
creams
(plain)","1,000 mg/kg",numeric,,82
472a,Acetic and fatty,1.4.2,"Sterilized and
UHT creams,
whipping and
whipped
creams, and
reduced fat
creams
(plain)",GMP,gmp,,82
1422,Acetylated,1.4.2,"Sterilized and
UHT creams,
whipping and
whipped
creams, and
reduced fat
creams
(plain)",GMP,gmp,,82
1414,Acetylated,1.4.2,"Sterilized and
UHT creams,
whipping and
whipped
creams, and
reduced fat
creams
(plain)",GMP,gmp,,82
1401,Acid-treated,1.4.2,"Sterilized and
UHT creams,
whipping and
whipped
creams, and
reduced fat
creams
(plain)",GMP,gmp,236,82
406,Agar,,,GMP,gmp,,83
400,Alginic acid,,,GMP,gmp,,83
403,Ammonium,,,GMP,gmp,,83
1403,Bleached starch,,,GMP,gmp,236,83
404,Calcium alginate,,,GMP,gmp,,83
170(i),Calcium,,,GMP,gmp,,83
509,Calcium chloride,,,GMP,gmp,,83
327,Calcium lactate,,,GMP,gmp,,83
516,Calcium sulfate,,,GMP,gmp,,83
290,Carbon dioxide,,,GMP,gmp,"278, 59",83
410,Carob bean gum,,,GMP,gmp,,83
407,Carrageenan,,,GMP,gmp,,83
330,Citric acid,,,GMP,gmp,,83
472c,Citric and fatty,,,GMP,gmp,,83
1400,"Dextrins, roasted",,,GMP,gmp,236,83
472e,Diacetyltarteric,,,"6,000 mg/kg",numeric,,83
1412,Distarch,,,GMP,gmp,,83
418,Gellan gum,,,GMP,gmp,,83
412,Guar gum,,,GMP,gmp,,83
414,Gum arabic,,,GMP,gmp,,83
463,Hydroxypropyl,,,GMP,gmp,,83
1442,Hydroxypropyl,,,GMP,gmp,,84
464,Hydroxypropyl,,,GMP,gmp,,84
1440,Hydroxypropyl,,,GMP,gmp,,84
425,Konjac flour,,,GMP,gmp,236,84
270,"Lactic acid, L-, D-",,,GMP,gmp,,84
472b,Lactic and fatty,,,GMP,gmp,,84
,Lecithins,,Lecithins,GMP,gmp,,84
461,Methyl cellulose,,Lecithins,GMP,gmp,,84
465,Methyl ethyl,,Lecithins,GMP,gmp,,84
460(i),Microcrystalline,,Lecithins,GMP,gmp,,84
471,Mono- and di-,,Lecithins,GMP,gmp,,84
1410,Monostarch,,Lecithins,GMP,gmp,,84
941,Nitrogen,,Lecithins,GMP,gmp,"278, 59",84
942,Nitrous oxide,,Lecithins,GMP,gmp,"278, 59",84
1404,Oxidized starch,,Lecithins,GMP,gmp,236,84
440,Pectins,,,GMP,gmp,,85
1413,Phosphated,,,GMP,gmp,,85
1200,Polydextroses,,,GMP,gmp,236,85
402,Potassium,,,GMP,gmp,,85
501(i),Potassium,,,GMP,gmp,,85
508,Potassium,,,GMP,gmp,,85
332(i),Potassium,,,GMP,gmp,,85
501(ii),Potassium,,,GMP,gmp,,85
326,Potassium lactate,,,GMP,gmp,,85
460(ii),Powdered,,,GMP,gmp,,85
407a,Processed,,,GMP,gmp,,85
401,Sodium alginate,,,GMP,gmp,,85
500(i),Sodium carbonate,,,GMP,gmp,,85
466,Carboxymethyl,,,GMP,gmp,,85
331(i),Sodium,,,GMP,gmp,,85
500(ii),Sodium hydrogen,,,GMP,gmp,,85
325,Sodium lactate,,,GMP,gmp,,86
500(iii),500(iii),,Sodium,GMP,gmp,,86
1420,Starch acetate,,Sodium,GMP,gmp,,86
1450,Starch sodium,,Sodium,GMP,gmp,,86
417,Tara gum,,Sodium,GMP,gmp,236,86
413,Tragacanth gum,,Sodium,GMP,gmp,236,86
333(iii),Tricalcium citrate,,Sodium,GMP,gmp,,86
332(ii),Tripotassium,,Sodium,GMP,gmp,,86
331(iii),Trisodium citrate,,Sodium,GMP,gmp,,86
415,Xanthan gum,,Sodium,GMP,gmp,,86
472e,Diacetyltartaric,1.4.3,"Clotted cream
(plain)","5,000 mg/kg",numeric,,86
234,Nisin,1.4.3,"Clotted cream
(plain)",10 mg/kg,numeric,,86
,PHOSPHATES,1.4.3,"Clotted cream
(plain)","2,200 mg/kg",numeric,33,86
,POLYSORBAT,1.4.3,"Clotted cream
(plain)","1,000 mg/kg",numeric,,86
950,Acesulfame,1.4.4,"Cream
analogues","1,000 mg/kg",numeric,188,86
951,Aspartame,1.4.4,"Cream
analogues","1,000 mg/kg",numeric,191,86
,CAROTENOID,1.4.4,"Cream
analogues",20 mg/kg,numeric,,86
150c,Caramel III -,1.4.4,"Cream
analogues","5,000 mg/kg",numeric,,86
150d,Caramel IV -,1.4.4,"Cream
analogues","5,000 mg/kg",numeric,,86
160a(ii),"beta-Carotenes,",,,20 mg/kg,numeric,,87
472e,Diacetyltartaric,,,"6,000 mg/kg",numeric,,87
163(ii),Grape skin extract,,,150 mg/kg,numeric,"181, 201",87
961,Neotame,,,33 mg/kg,numeric,,87
,PHOSPHATES,,,"2,200 mg/kg",numeric,33,87
,POLYSORBAT,,,"5,000 mg/kg",numeric,,87
477,Propylene glycol,,,"5,000 mg/kg",numeric,86,87
955,Sucralose,,,580 mg/kg,numeric,,87
,ASCORBYL,1.5.1,"Milk powder
and cream
powder
(plain)",500 mg/kg,numeric,10,87
320,Butylated,1.5.1,"Milk powder
and cream
powder
(plain)",100 mg/kg,numeric,"15, 196",87
321,Butylated,1.5.1,"Milk powder
and cream
powder
(plain)",200 mg/kg,numeric,"15, 196",87
556,Calcium,,,265 mg/kg,numeric,"6, 259",88
472e,Diacetyltartaric,,,"10,000 mg/kg",numeric,,88
,PHOSPHATES,,,"3,000 mg/kg",numeric,33,88
900a,Polydimethylsilox,,,10 mg/kg,numeric,,88
310,Propyl gallate,,,200 mg/kg,numeric,,88
554,Sodium alumino,,,265 mg/kg,numeric,,88
,ASCORBYL,1.5.2,"Powder
analogues",80 mg/kg,numeric,10,88
950,Acesulfame,1.5.2,"Powder
analogues","1,000 mg/kg",numeric,188,88
951,Aspartame,1.5.2,"Powder
analogues","2,000 mg/kg",numeric,191,88
,CAROTENOID,1.5.2,"Powder
analogues",100 mg/kg,numeric,209,88
556,Calcium,1.5.2,"Powder
analogues",570 mg/kg,numeric,"6, 259",88
150c,Caramel III -,1.5.2,"Powder
analogues","5,000 mg/kg",numeric,,88
150d,Caramel IV -,1.5.2,Caramel IV -,"5,000 mg/kg",numeric,,88
160a(ii),"beta-Carotenes,",,,"1,000 mg/kg",numeric,,89
472e,Diacetyltartaric,,,"10,000 mg/kg",numeric,,89
163(ii),Grape skin extract,,Grape skin extract,150 mg/kg,numeric,"201,",89
961,Neotame,,Grape skin extract,65 mg/kg,numeric,,89
,PHOSPHATES,,PHOSPHATES,"4,400 mg/kg",numeric,"88,",89
,POLYSORBAT,,PHOSPHATES,"4,000 mg/kg",numeric,,89
477,Propylene glycol,,PHOSPHATES,GMP,gmp,,89
,RIBOFLAVINS,,PHOSPHATES,300 mg/kg,numeric,,89
554,Sodium alumino,,PHOSPHATES,570 mg/kg,numeric,"6, 259",89
960,Steviol glycosides,,Steviol glycosides,330 mg/kg,numeric,"26, 201",89
951,Aspartame,1.6.1,"Unripened
cheese","1,000 mg/kg",numeric,191,89
,CAROTENOID,1.6.1,"Unripened
cheese",100 mg/kg,numeric,,89
,CHLOROPHYL,1.6.1,"Unripened
cheese",50 mg/kg,numeric,,89
161g,Canthaxanthin,,,15 mg/kg,numeric,201,90
150d,Caramel IV -,,,"50,000 mg/kg",numeric,"50,000",90
132,Indigotine (Indigo,,,200 mg/kg,numeric,3,90
243,Lauric arginate,,,200 mg/kg,numeric,,90
235,Natamycin,,,40 mg/kg,numeric,"80, 3",90
,PHOSPHATES,,,"4,400 mg/kg",numeric,33,90
,POLYSORBAT,,,80 mg/kg,numeric,38,90
124,Ponceau 4R,,Ponceau 4R,100 mg/kg,numeric,3,90
,RIBOFLAVINS,,Ponceau 4R,300 mg/kg,numeric,,90
,SORBATES,,,"2,000 mg/kg",numeric,"42, 223",91
234A,Nisin,,,12.5 mg/kg,numeric,,91
,"Propionic acid,
sodium
propionate,",,,"3,000 mg/kg",numeric,,91
575,"Glucono delta
lactone",,,GMP,gmp,,92
110,Sunset yellow,,,100 mg/kg,numeric,3,92
509,Calcium chloride,,Calcium chloride,200 mg/kg,numeric,,92
160a(ii),"beta-Carotenes,
vegetable",,,600 mg/kg,numeric,,93
407,Carrageenan,,,"5,000 mg/kg",numeric,,93
,"Alginate of
sodium/potassium
/calcium",,,"5,000 mg/kg",numeric,,93
405,Propylene glycol,,,5000 mg/kg,numeric,,93
160c,Paprika extract,,,GMP,gmp,,93
100,Curcumin,,,GMP,gmp,,93
160b,Annatto,,Annatto,GMP,gmp,,93
161g,Canthaxanthin,1.6.2,"Ripened
cheese,
(Cheddar,Da
nbo,Edam,Go
uda,Havarti,
Tilisiter,Cam
embert,
Brie,St
Paulin,
Samsoe,Emm
entaler,
Provolone,ext",15 mg/kg,numeric,201,93
1105,Lysozyme,1.6.2,"Ripened
cheese,
(Cheddar,Da
nbo,Edam,Go
uda,Havarti,
Tilisiter,Cam
embert,
Brie,St
Paulin,
Samsoe,Emm
entaler,
Provolone,ext",GMP,gmp,,93
235,Natamycin,1.6.2,"Ripened
cheese,
(Cheddar,Da
nbo,Edam,Go
uda,Havarti,
Tilisiter,Cam
embert,
Brie,St
Paulin,
Samsoe,Emm
entaler,
Provolone,ext",40 mg/kg,numeric,"3, 80",93
234,Nisin,1.6.2,"Ripened
cheese,
(Cheddar,Da
nbo,Edam,Go
uda,Havarti,
Tilisiter,Cam
embert,
Brie,St
Paulin,
Samsoe,Emm
entaler,
Provolone,ext",12 mg/kg,numeric,,93
,SORBATES,1.6.2,"Ripened
cheese,
(Cheddar,Da
nbo,Edam,Go
uda,Havarti,
Tilisiter,Cam
embert,
Brie,St
Paulin,
Samsoe,Emm
entaler,
Provolone,ext","3,000 mg/kg",numeric,42,93
509,Calcium chloride,1.6.2,"Ripened
cheese,
(Cheddar,Da
nbo,Edam,Go
uda,Havarti,
Tilisiter,Cam
embert,
Brie,St
Paulin,
Samsoe,Emm
entaler,
Provolone,ext",200 mg/kg,numeric,,93
,RIBOFLAVINS,1.6.2,"Ripened
cheese,
(Cheddar,Da
nbo,Edam,Go
uda,Havarti,
Tilisiter,Cam
embert,
Brie,St
Paulin,
Samsoe,Emm
entaler,
Provolone,ext",300 mg/kg,numeric,,93
,"ra hard
grating
/sliced/cut/shr
eded cheese)",,,"9,000 mg/kg",numeric,,94
100,Curcumin,,,100 mg/kg,numeric,,94
160a(ii),"beta-Carotenes,",,,100 mg/kg,numeric,,94
160b(ii),"Annatto extracts,",,,100 mg/kg,numeric,,94
160b(i),"Annatto extracts,",,"Annatto extracts,
bixin-based",50 mg/kg,numeric,,94
,"Propionic acid,
sodium
propionate,
calcium
propionate,",,"Annatto extracts,
bixin-based","3,000 mg/kg",numeric,,94
160c,Paprika extract,,"Annatto extracts,
bixin-based",GMP,gmp,,94
,ASCORBYL,1.6.2.1,"Ripened
cheese
includes rind",500 mg/kg,numeric,,95
,CAROTENOID,1.6.2.1,"Ripened
cheese
includes rind",100 mg/kg,numeric,,95
,CHLOROPHYL,1.6.2.1,"Ripened
cheese
includes rind",15 mg/kg,numeric,,95
161g,Canthaxanthin,1.6.2.1,"Ripened
cheese
includes rind",15 mg/kg,numeric,,95
150d,Caramel IV -,1.6.2.1,"Ripened
cheese
includes rind","50,000 mg/kg",numeric,"50,000",95
160a(ii),"beta-Carotenes,",1.6.2.1,"Ripened
cheese
includes rind",600 mg/kg,numeric,,95
472e,Diacetyltartaric,1.6.2.1,"Ripened
cheese
includes rind","10,000 mg/kg",numeric,,95
239,Hexamethylene,1.6.2.1,"Ripened
cheese
includes rind",25 mg/kg,numeric,"66,",95
243,Lauric arginate,1.6.2.1,"Ripened
cheese
includes rind",200 mg/kg,numeric,,95
1105,Lysozyme,1.6.2.1,"Ripened
cheese
includes rind",GMP,gmp,,95
235,Natamycin,1.6.2.1,"Ripened
cheese
includes rind",40 mg/kg,numeric,,95
234,Nisin,1.6.2.1,"Ripened
cheese
includes rind",12 mg/kg,numeric,,95
,RIBOFLAVINS,1.6.2.1,RIBOFLAVINS,300 mg/kg,numeric,,95
,SORBATES,1.6.2.1,RIBOFLAVINS,"3,000 mg/kg",numeric,,95
129,Allura red AC,1.6.2.2,Rind of,100 mg/kg,numeric,,95
133,Brilliant blue FCF,,"ripened
cheese",100 mg/kg,numeric,,96
,CAROTENOID,,"ripened
cheese",500 mg/kg,numeric,,96
,CHLOROPHYL,,"ripened
cheese",75 mg/kg,numeric,,96
161g,Canthaxanthin,,"ripened
cheese",15 mg/kg,numeric,,96
150d,Caramel IV -,,"ripened
cheese","50,000 mg/kg",numeric,"50,000",96
160a(ii),"beta-Carotenes,",,"ripened
cheese","1,000 mg/kg",numeric,,96
163(ii),Grape skin extract,,"ripened
cheese","1,000 mg/kg",numeric,,96
,IRON OXIDES,,"ripened
cheese",100 mg/kg,numeric,,96
132,Indigotine (Indigo,,"ripened
cheese",100 mg/kg,numeric,,96
1105,Lysozyme,,"ripened
cheese",GMP,gmp,,96
235,Natamycin,,"ripened
cheese",40 mg/kg,numeric,,96
234,Nisin,,"ripened
cheese",12 mg/kg,numeric,,96
124,Ponceau 4R,,Ponceau 4R,100 mg/kg,numeric,,96
,RIBOFLAVINS,,Ponceau 4R,300 mg/kg,numeric,,96
,SORBATES,,Ponceau 4R,"3,000 mg/kg",numeric,,96
110,Sunset yellow,,Ponceau 4R,100 mg/kg,numeric,,96
,CAROTENOID,1.6.2.3,"Cheese
powder",100 mg/kg,numeric,,97
,CHLOROPHYL,1.6.2.3,"Cheese
powder",50 mg/kg,numeric,,97
161g,Canthaxanthin,1.6.2.3,"Cheese
powder",15 mg/kg,numeric,201,97
160a(ii),"beta-Carotenes,",1.6.2.3,"Cheese
powder","1,000 mg/kg",numeric,,97
1105,Lysozyme,1.6.2.3,"Cheese
powder",GMP,gmp,,97
235,Natamycin,1.6.2.3,"Cheese
powder",40 mg/kg,numeric,"3, 80",97
234,Nisin,1.6.2.3,"Cheese
powder",12 mg/kg,numeric,,97
,SORBATES,1.6.2.3,"Cheese
powder","3,000 mg/kg",numeric,42,97
243,Lauric arginate,1.6.3,Whey cheese,200 mg/kg,numeric,,97
,SORBATES,1.6.3,Whey cheese,"1,000 mg/kg",numeric,42,97
129,Allura red AC,1.6.4.1,"Plain
processed
cheese/
processed
cheese,
processed
cheese
spreads",100 mg/kg,numeric,,97
,CAROTENOID,1.6.4.1,"Plain
processed
cheese/
processed
cheese,
processed
cheese
spreads",100 mg/kg,numeric,,97
160a(ii),"beta-Carotenes,",1.6.4.1,"Plain
processed
cheese/
processed
cheese,
processed
cheese
spreads","1,000 mg/kg",numeric,,97
472e,Diacetyltartaric,1.6.4.1,"Plain
processed
cheese/
processed
cheese,
processed
cheese
spreads","10,000 mg/kg",numeric,,97
,HYDROXYBEN,1.6.4.1,"Plain
processed
cheese/
processed
cheese,
processed
cheese
spreads",300 mg/kg,numeric,27,97
,IRON OXIDES,,,50 mg/kg,numeric,,98
243,Lauric arginate,,,200 mg/kg,numeric,"80,3",98
235,Natamycin,,,40 mg/kg,numeric,,98
,PHOSPHATES,,PHOSPHATES,"9,000 mg/kg",numeric,33,98
,RIBOFLAVINS,,PHOSPHATES,300 mg/kg,numeric,,98
,SODIUM,,PHOSPHATES,"1,600 mg/kg",numeric,"251, 6",98
,SORBATES,,PHOSPHATES,"3,000 mg/kg",numeric,42,98
110,Sunset yellow,,PHOSPHATES,100 mg/kg,numeric,3,98
100,Curcumin,,PHOSPHATES,100 mg/kg,numeric,,98
140,Chlorophyll,,PHOSPHATES,100 mg/kg,numeric,,98
,Annatto,,Annatto,50 mg/kg,numeric,,98
234,Nisin,,Annatto,12.5 mg/kg,numeric,,98
129,Allura red AC,1.6.4.2,"Flavoured
processed
cheese,
including
containing
fruit,
vegetables,
meat etc.",100 mg/kg,numeric,,98
,CAROTENOID,1.6.4.2,"Flavoured
processed
cheese,
including
containing
fruit,
vegetables,
meat etc.",100 mg/kg,numeric,,98
,CHLOROPHYL,1.6.4.2,"Flavoured
processed
cheese,
including
containing
fruit,
vegetables,
meat etc.",50 mg/kg,numeric,,98
161g,Canthaxanthin,1.6.4.2,"Flavoured
processed
cheese,
including
containing
fruit,
vegetables,
meat etc.",15 mg/kg,numeric,,98
150d,Caramel IV -,,,"50,000 mg/kg",numeric,"50,000",99
160a(ii),"beta-Carotenes,",,,"1,000 mg/kg",numeric,,99
472e,Diacetyltartaric,,,"10,000 mg/kg",numeric,,99
163(ii),Grape skin extract,,,"1,000 mg/kg",numeric,,99
,HYDROXYBEN,,,300 mg/kg,numeric,27,99
,IRON OXIDES,,,50 mg/kg,numeric,,99
132,Indigotine (Indigo,,,100 mg/kg,numeric,,99
243,Lauric arginate,,,200 mg/kg,numeric,,99
235,Natamycin,,,40 mg/kg,numeric,"3, 80",99
,PHOSPHATES,,,"9,000 mg/kg",numeric,33,99
124,Ponceau 4R,,,100 mg/kg,numeric,,99
,RIBOFLAVINS,,,300 mg/kg,numeric,,99
,SODIUM,,,1600 mg/kg,numeric,"251, 6",99
,SORBATES,,,"3,000 mg/kg",numeric,42,99
110,Sunset yellow,,,100 mg/kg,numeric,,99
950,Acesulfame,1.6.5,"Cheese
analogues",350 mg/kg,numeric,188,100
129,Allura red AC,1.6.5,"Cheese
analogues",100 mg/kg,numeric,3,100
951,Aspartame,1.6.5,"Cheese
analogues","1,000 mg/kg",numeric,191,100
133,Brilliant blue FCF,1.6.5,"Cheese
analogues",100 mg/kg,numeric,3,100
,CAROTENOID,1.6.5,"Cheese
analogues",200 mg/kg,numeric,,100
,CHLOROPHYL,1.6.5,"Cheese
analogues",50 mg/kg,numeric,,100
161g,Canthaxanthin,1.6.5,"Cheese
analogues",15 mg/kg,numeric,,100
150d,Caramel IV -,1.6.5,"Cheese
analogues","50,000 mg/kg",numeric,"50,000",100
160a(ii),"beta-Carotenes,",1.6.5,"Cheese
analogues","1,000 mg/kg",numeric,3,100
472e,Diacetyltartaric,1.6.5,"Cheese
analogues","10,000 mg/kg",numeric,,100
163(ii),Grape skin extract,1.6.5,"Cheese
analogues","1,000 mg/kg",numeric,,100
,HYDROXYBEN,1.6.5,"Cheese
analogues",500 mg/kg,numeric,"27,",100
132,Indigotine (Indigo,1.6.5,"Cheese
analogues",100 mg/kg,numeric,,100
243,Lauric arginate,1.6.5,Lauric arginate,200 mg/kg,numeric,,100
235,Natamycin,,,40 mg/kg,numeric,"3, 80",101
961,Neotame,,,33 mg/kg,numeric,,101
234,Nisin,,,12 mg/kg,numeric,,101
,PHOSPHATES,,PHOSPHATES,"9,000 mg/kg",numeric,,101
124,Ponceau 4R,,PHOSPHATES,100 mg/kg,numeric,3,101
,RIBOFLAVINS,,PHOSPHATES,300 mg/kg,numeric,,101
,SACCHARINS,,PHOSPHATES,100 mg/kg,numeric,,101
,SORBATES,,PHOSPHATES,"3,000 mg/kg",numeric,42,101
955,Sucralose,,PHOSPHATES,500 mg/kg,numeric,,101
110,Sunset yellow,,PHOSPHATES,100 mg/kg,numeric,3,101
260,"Acetic acid,",1.6.6,"Whey protein
cheese",GMP,gmp,,101
282,"Calcium
propionate",,,"3,000 mg/kg",numeric,70,102
330,Citric acid,,,GMP,gmp,,102
575,"Glucono delta-
lactone",,,GMP,gmp,,102
270,"Lactic acid, L-, D-
and DL-",,,GMP,gmp,,102
296,"Malic acid, DL-",,,GMP,gmp,,102
235,"Natamycin
(Pimaricin)",,,40 mg/kg,numeric,"80,3",102
234,Nisin,,,12 mg/kg,numeric,,102
280,Propionic acid,,,"3,000 mg/kg",numeric,,102
,SORBATES,,,"3,000 mg/kg",numeric,"70, 42",102
281,"Sodium
propionate",,,"3,000 mg/kg",numeric,70,102
,"ASCORBYL
ESTERS",1.7,"Dairy based
desserts",500 mg/kg,numeric,"10, 2",102
950,"Acesulfame
potassium",1.7,"Dairy based
desserts",350 mg/kg,numeric,188,102
129,Allura red AC,1.7,"Dairy based
desserts",100 mg/kg,numeric,,102
442,"Ammonium salts
of phosphatidic
acid",1.7,"Dairy based
desserts","5,000 mg/kg",numeric,231,102
951,Aspartame,1.7,"Dairy based
desserts","1,000 mg/kg",numeric,191,102
962,"Aspartame-
acesulfame salt",1.7,"Dairy based
desserts",350 mg/kg,numeric,113,102
,BENZOATES,1.7,"Dairy based
desserts",300 mg/kg,numeric,13,102
320,Butylated,1.7,"Dairy based
desserts",200 mg/kg,numeric,,102
133,Brilliant blue FCF,,,100 mg/kg,numeric,,103
,CAROTENOID,,,100 mg/kg,numeric,,103
,CHLOROPHYL,,,500 mg/kg,numeric,,103
150c,Caramel III -,,,"2,000 mg/kg",numeric,,103
150d,Caramel IV -,,,"3,000 mg/kg",numeric,,103
160a(ii),"beta-Carotenes,",,,"1,000 mg/kg",numeric,,103
472e,Diacetyltartaric,,,"10,000 mg/kg",numeric,,103
143,Fast green FCF,,,100 mg/kg,numeric,2,103
163(ii),Grape skin extract,,,200 mg/kg,numeric,181,103
,HYDROXYBEN,,,120 mg/kg,numeric,27,103
,IRON OXIDES,,,100 mg/kg,numeric,,103
132,Indigotine (Indigo,,,100 mg/kg,numeric,,103
243,Lauric arginate,,Lauric arginate,200 mg/kg,numeric,170,103
961,Neotame,,,100 mg/kg,numeric,,104
,PHOSPHATES,,,"1,500 mg/kg",numeric,,104
,POLYSORBAT,,,"3,000 mg/kg",numeric,,104
124,Ponceau 4R,,,100 mg/kg,numeric,,104
310,Propyl gallate,,,90 mg/kg,numeric,"15, 2",104
477,Propylene glycol,,,"5,000 mg/kg",numeric,,104
,RIBOFLAVINS,,,300 mg/kg,numeric,,104
,SACCHARINS,,,100 mg/kg,numeric,,104
,SORBATES,,,"1,000 mg/kg",numeric,42,104
960,Steviol glycosides,,,330 mg/kg,numeric,26,104
955,Sucralose,,,400 mg/kg,numeric,,104
474,Sucroglycerides,,,"5,000 mg/kg",numeric,,104
110,Sunset yellow,,,100 mg/kg,numeric,,104
405,Propylene glycol,,,GMP,gmp,,104
436,Polyoxyethylene,,,GMP,gmp,,104
475,Poly glycerol,,,GMP,gmp,,104
432,Polyoxyethylene,,,GMP,gmp,,104
435,Polyoxyethylene,,,GMP,gmp,,105
1411,Distarch glycerol,,,GMP,gmp,,105
1432,Distarch glycerol,,,GMP,gmp,,105
1443,Distarch glycerol,,,GMP,gmp,,105
,TARTRATES,,,"1,000 mg/kg",numeric,,105
100,Curcumin,,,100 mg/kg,numeric,,105
160,Annatto,,Annatto,100 mg/kg,numeric,,105
122,Carmoisine,,Annatto,100 mg/kg,numeric,,105
127,Erythrosine,,Annatto,50 mg/kg,numeric,,105
102,Tartrazine,,Annatto,100 mg/kg,numeric,,105
,TOCOPHERO,,Annatto,500 mg/kg,numeric,,105
928,Benzoyl peroxide,1.8.1,"Liquid whey
and whey
products
excluding
whey cheeses",100 mg/kg,numeric,74,105
,PHOSPHATES,1.8.1,PHOSPHATES,880 mg/kg,numeric,"33, 228",105
928,Benzoyl peroxide,1.8.2,"Dried whey
and whey
products,
excluding
whey cheeses",100 mg/kg,numeric,147,106
509,Calcium chloride,1.8.2,"Dried whey
and whey
products,
excluding
whey cheeses",GMP,gmp,,106
526,Calcium,1.8.2,"Dried whey
and whey
products,
excluding
whey cheeses",GMP,gmp,,106
1442,Hydroxypropyl,1.8.2,"Dried whey
and whey
products,
excluding
whey cheeses","10,000 mg/kg",numeric,"10,000",106
460(i),Microcrystalline,1.8.2,"Dried whey
and whey
products,
excluding
whey cheeses","10,000 mg/kg",numeric,"10,000",106
,PHOSPHATES,1.8.2,"Dried whey
and whey
products,
excluding
whey cheeses","4,400 mg/kg",numeric,33,106
501(i),Potassium,1.8.2,"Dried whey
and whey
products,
excluding
whey cheeses",GMP,gmp,,106
508,Potassium,1.8.2,"Dried whey
and whey
products,
excluding
whey cheeses",GMP,gmp,,106
332(i),Potassium,1.8.2,"Dried whey
and whey
products,
excluding
whey cheeses",GMP,gmp,,106
501(ii),Potassium,1.8.2,"Dried whey
and whey
products,
excluding
whey cheeses",GMP,gmp,,106
525,Potassium,,,GMP,gmp,,107
554,Sodium,,,"1,140 mg/kg",numeric,6,107
500(i),Sodium carbonate,,,GMP,gmp,,107
331(i),Sodium,,,GMP,gmp,,107
500(ii),Sodium hydrogen,,,GMP,gmp,,107
524,Sodium hydroxide,,,GMP,gmp,,107
500(iii),500(iii),,Sodium,GMP,gmp,,107
332(ii),Tripotassium,,Sodium,GMP,gmp,,107
331(iii),Trisodium citrate,,Sodium,GMP,gmp,,107
,"ASCORBYL
ESTERS",2.1.1,"Butter oil,
anhydrous
milk fat and
ghee (no
additives in
case of ghee)",500 mg/kg,numeric,"10,171",108
320,"Butylated
hydroxyanisole
(BHA)",2.1.1,"Butter oil,
anhydrous
milk fat and
ghee (no
additives in
case of ghee)",175 mg/kg,numeric,"15,
171,
133",108
321,"Butylated
hydroxytoluene
(BHT)",2.1.1,"Butter oil,
anhydrous
milk fat and
ghee (no
additives in
case of ghee)",75 mg/kg,numeric,"15,
171,
133",108
310,Propyl gallate,2.1.1,"Butter oil,
anhydrous
milk fat and
ghee (no
additives in
case of ghee)",100 mg/kg,numeric,"15,
133,
171",108
,"Gallate(octyl/
ethyl/dodecyl )",2.1.1,"Butter oil,
anhydrous
milk fat and
ghee (no
additives in
case of ghee)",100 mg/kg,numeric,,108
330,Citric acid,2.1.1,"Butter oil,
anhydrous
milk fat and
ghee (no
additives in
case of ghee)",GMP,gmp,171,108
,Lecithins,2.1.2,"Vegetable
oils, fats and
bakery
shortenings",GMP,gmp,,108
300,Ascorbic acid,2.1.2,"Vegetable
oils, fats and
bakery
shortenings",GMP,gmp,,108
310,Propyl gallate,2.1.2,"Vegetable
oils, fats and
bakery
shortenings",200 mg/kg,numeric,"15,
130",108
,"TOCOPHE
ROLS",2.1.2,"Vegetable
oils, fats and
bakery
shortenings",GMP,gmp,,108
,ASCORBYL,2.1.2,"Vegetable
oils, fats and
bakery
shortenings",500 mg/kg,numeric,,108
320,"Butylated
hydroxyanisole
(BHA)",,,200 mg/kg,numeric,"130,
15",109
321,"Butylated
hydroxytoluene
(BHT)",,,200 mg/kg,numeric,"130,
15",109
,Citric acid,,,GMP,gmp,"15,
277",109
334,Tartric acid,,,GMP,gmp,"15,
277",109
314,Guaiac resin,,,"1,000 mg/kg",numeric,,109
319,TBHQ,,,200 mg/kg,numeric,"15
,130",109
,Sodium citrate,,,GMP,gmp,,109
384,"Isopropyl
citrate mixture",,,200 mg/kg,numeric,,109
472c,"Citric and
fatty acid esters
of glycerol",,,100 mg/kg,numeric,,109
338,"Phosphoric
acid",,,100 mg/kg,numeric,,109
900a,"Polydimethylsi
loxane",,,10 mg/kg,numeric,,109
160a(ii),"beta-Carotenes,
vegetable",,,"1,000 mg/kg",numeric,,109
,CAROTENOI,,,25 mg/kg,numeric,232,109
472e,"Diacetyltartaric
acid and fatty
acid esters of
glycerol",,,"10,000 mg/kg",numeric,,110
,"POLYSORBA
TES",,,"5,000 mg/kg",numeric,102,110
477,"Propylene
glycol esters of
fatty acids",,,"10,000 mg/kg",numeric,,110
484,Stearyl citrate,,,GMP,gmp,,110
,"THIODIPRO
PIONATES",,,200 mg/kg,numeric,46,110
472b,"Lactic and
fatty acid esters
of glycerol",,,"10,000 mg/kg",numeric,408,110
471,"Mono and
diglycerides of
fatty acids",,,GMP,gmp,408,110
475,"Polyglycerol
esters of fatty
acid",,,"5,000 mg/kg",numeric,408,110
,Lecithins,2.1.3,"Lard, tallow,
fish oil, and
other animal
fats (edible
fats)",GMP,gmp,,110
300,Ascorbic acid,2.1.3,"Lard, tallow,
fish oil, and
other animal
fats (edible
fats)",GMP,gmp,,110
310,Propyl gallate,2.1.3,"Lard, tallow,
fish oil, and
other animal
fats (edible
fats)",200 mg/kg,numeric,"15,
130",110
,"TOCOPHER
OLS",2.1.3,"Lard, tallow,
fish oil, and
other animal
fats (edible
fats)",GMP,gmp,,110
,"ASCORBYL
ESTERS",,,500 mg/kg,numeric,10,111
320,"Butylated
hydroxyanisole
(BHA)",,,200 mg/kg,numeric,"130,
15",111
321,"Butylated
hydroxytoluene
(BHT)",,,200 mg/kg,numeric,"130,
15",111
330,Citric acid,,,GMP,gmp,,111
334,Tartric acid,,,GMP,gmp,,111
314,Guaiac resin,,,"1,000 mg/kg",numeric,,111
319,TBHQ,,,200 mg/kg,numeric,"15,130",111
331(iii),Sodium citrate,,,GMP,gmp,,111
338,"Phosphoric
acid",,,100 mg/kg,numeric,,111
900a,"Dimethyl
polysiloxane",,,10 mg/kg,numeric,,111
161a(ii),"beta-Carotenes,
vegetable",,,"1,000 mg/kg",numeric,,111
,"CAROTENOI
DS",,,25 mg/kg,numeric,,111
472e,"Diacetyl
tartaric acid
and fatty acid
esters of
glycerol",,,"10,000 mg/kg",numeric,,112
143,Fast green FCF,,,100 mg/kg,numeric,,112
132,Indigotine,,,100 mg/kg,numeric,,112
384,"Isopropyl
citrate mixture",,,200 mg/kg,numeric,,112
,"POLYSORBA
TES",,,"5,000 mg/kg",numeric,102,112
477,"Propylene
glycol esters of
fatty acids",,,"10,000 mg/kg",numeric,,112
484,Stearyl citrate,,,GMP,gmp,,112
110,"Sunset yellow
FCF",,,100 mg/kg,numeric,,112
,"THIODIPRO
PIONATES",,,200 mg/kg,numeric,46,112
100,Curcumin,2.2.1,"Butter
(Butter and
Milk Fat)",100 mg/kg,numeric,,112
160a(ii),"beta-Carotenes,
vegetable",2.2.1,"Butter
(Butter and
Milk Fat)",600 mg/kg,numeric,,112
,Annatto,2.2.1,"Butter
(Butter and
Milk Fat)",20 mg/kg,numeric,8,112
,"CAROTENOI
DS",2.2.1,"Butter
(Butter and
Milk Fat)",35 mg/kg,numeric,"146,
291",112
,PHOPHATES,,,880 mg/kg,numeric,"33, 34",113
500(i),"Sodium
carbonate",,,GMP,gmp,,113
500(ii),"Sodium
hydrogen
carbonate",,,GMP,gmp,,113
,Lecithins,2.2.2,"Fat
spreads,
dairy fat
spreads and
blended
spreads
(margarine
and fat
spreads)",GMP,gmp,,113
310,Propyl gallate,2.2.2,"Fat
spreads,
dairy fat
spreads and
blended
spreads
(margarine
and fat
spreads)",200 mg/kg,numeric,"15,
130",113
,Tocopherols,2.2.2,"Fat
spreads,
dairy fat
spreads and
blended
spreads
(margarine
and fat
spreads)",GMP,gmp,,113
,"ASCORBYL
ESTERS",2.2.2,"Fat
spreads,
dairy fat
spreads and
blended
spreads
(margarine
and fat
spreads)",500 mg/kg,numeric,10,113
320,"Butylated
hydroxyanisole
(BHA)",2.2.2,"Fat
spreads,
dairy fat
spreads and
blended
spreads
(margarine
and fat
spreads)",200 mg/kg,numeric,"130,
15",113
321,"Butylated
hydroxytoluene
(BHT)",2.2.2,"Fat
spreads,
dairy fat
spreads and
blended
spreads
(margarine
and fat
spreads)",200 mg/kg,numeric,"130,
15",113
334,Tartric acid,2.2.2,"Fat
spreads,
dairy fat
spreads and
blended
spreads
(margarine
and fat
spreads)",GMP,gmp,,113
314,Guaiac resin,2.2.2,"Fat
spreads,
dairy fat
spreads and
blended
spreads
(margarine
and fat
spreads)","1,000 mg/kg",numeric,,113
319,TBHQ,2.2.2,"Fat
spreads,
dairy fat
spreads and
blended
spreads
(margarine
and fat
spreads)",200 mg/kg,numeric,"15,
130",113
384,"Isopropyl
citrate mixture",2.2.2,"Fat
spreads,
dairy fat
spreads and
blended
spreads
(margarine
and fat
spreads)",100 mg/kg,numeric,,113
472e,"Diacetyltartaric
and fatty acid
esters of
glycerol",,,10 g/kg,numeric,,114
477,"1,2 -propylene
glycol esters of
fatty acids",,,20 g/kg,numeric,,114
,"SORBITAN
ESTERS OF
FATTY
ACIDS",,,"10,000 mg/kg",numeric,359,114
474,"Sucroglyceride
s",,,"10,000 mg/kg",numeric,102,114
,SORBATES,,,"1,000 mg/kg",numeric,42,114
160a(ii),"beta-Carotenes,
vegetable",,,"1,000 mg/kg",numeric,,114
160b,Annatto,,,20 mg/kg,numeric,,114
100,Curcumin,,,5 mg/kg,numeric,,114
,"CAROTENOI
DS",,,35 mg/kg,numeric,,114
,"ETHYLENE
DIAMINE
TETRA
ACETATES
(EDTA)",,,50 mg/kg,numeric,21,114
,BENZOATES,,,"1,000 mg/kg",numeric,13,114
161g,Canthaxanthin,,,15 mg/kg,numeric,"214,
215",114
150c,"Caramel III -
Ammonia
caramel",,,500 mg/kg,numeric,,114
150d,"Caramel IV-
Sulfite
ammonia
caramel",,,500 mg/kg,numeric,214,115
,"HYDROXY
BENZOATES
, PARA",,,300 mg/kg,numeric,27,115
243,"Lauric alginate
ethyl ester",,,200 mg/kg,numeric,"214,
215",115
,"PHOSPHATE
S",,,"2,200 mg/kg",numeric,33,115
900a,"Polydimethylsi
loxane",,,10 mg/kg,numeric,152,115
,"POLYSORBA
TES",,,"5,000 mg/kg",numeric,102,115
,"RIBOFLAVI
NS",,,300 mg/kg,numeric,,115
484,Stearyl citrate,,,100 mg/kg,numeric,15,115
,"STEAROYL
LACTYLATE
S",,,"10,000 mg/kg",numeric,,115
479,"Thermally
oxidized soya
bean oil
interacted with
mono- and
diglycerides of
fatty acids",,,"5,000 mg/kg",numeric,,115
,"THIODIPRO
PIONATES",,,200 mg/kg,numeric,46,115
473a,"Sucrose
oligoesters,",,,"10,000 mg/kg",numeric,"348,
360",115
473,"Sucrose esters
of fatty acids",,,"10,000 mg/kg",numeric,"348,
360",116
475,"Poly glycerol
esters of fatty
acid",,,"5,000 mg/kg",numeric,359,116
950,"Acesulfame
potassium",2.3,"Fat emulsions
mainly of
type oil-in-
water,
including
mixed and/or
flavoured
products
based on fat
emulsions","1,000 mg/kg",numeric,188,116
,"ASCORBYL
ESTERS",2.3,"Fat emulsions
mainly of
type oil-in-
water,
including
mixed and/or
flavoured
products
based on fat
emulsions",500 mg/kg,numeric,10,116
951,Aspartame,2.3,"Fat emulsions
mainly of
type oil-in-
water,
including
mixed and/or
flavoured
products
based on fat
emulsions","1,000 mg/kg",numeric,191,116
,BENZOATES,2.3,"Fat emulsions
mainly of
type oil-in-
water,
including
mixed and/or
flavoured
products
based on fat
emulsions","1,000 mg/kg",numeric,13,116
133,"Brilliant blue
FCF",2.3,"Fat emulsions
mainly of
type oil-in-
water,
including
mixed and/or
flavoured
products
based on fat
emulsions",100 mg/kg,numeric,,116
320,"Butylated
hydroxyanisole
(BHA)",2.3,"Fat emulsions
mainly of
type oil-in-
water,
including
mixed and/or
flavoured
products
based on fat
emulsions",200 mg/kg,numeric,"130,
15",116
321,"Butylated
hydroxytoluene
(BHT)",2.3,"Fat emulsions
mainly of
type oil-in-
water,
including
mixed and/or
flavoured
products
based on fat
emulsions",200 mg/kg,numeric,"130,
15",116
161g,"Canthaxanthhi
n",2.3,"Fat emulsions
mainly of
type oil-in-
water,
including
mixed and/or
flavoured
products
based on fat
emulsions",15 mg/kg,numeric,,116
150c,"Caramel III -
ammonia
caramel",2.3,"Fat emulsions
mainly of
type oil-in-
water,
including
mixed and/or
flavoured
products
based on fat
emulsions","20,000 mg/kg",numeric,,116
160a(ii),"beta-Carotenes,
vegetable",2.3,"Fat emulsions
mainly of
type oil-in-
water,
including
mixed and/or
flavoured
products
based on fat
emulsions","1,000 mg/kg",numeric,,116
,"CAROTENOI
DS",2.3,"Fat emulsions
mainly of
type oil-in-
water,
including
mixed and/or
flavoured
products
based on fat
emulsions",200 mg/kg,numeric,,116
472e,"Diacetyltartaric
and fatty acid
esters of
glycerol",,,"10,000 mg/kg",numeric,,117
,"HYDROXYB
ENZOATES,
PARA -",,,300 mg/kg,numeric,27,117
132,"Indigotine
(indigo
caramine)",,,100 mg/kg,numeric,,117
961,Neotame,,,10 mg/kg,numeric,,117
,"PHOSPHATE
S",,,"2,200 mg/kg",numeric,33,117
,"POLYSORBA
TES",,,"5,000 mg/kg",numeric,102,117
310,Propyl gallate,,,200 mg/kg,numeric,"15,
130",117
477,"Propylene
glycol esters of
fatty acids",,,"30,000 mg/kg",numeric,,117
,"RIBOFLAVI
NS",,,300 mg/kg,numeric,,117
,SORBATES,,,"1,000 mg/kg",numeric,42,117
475,"Poly
glycerol esters
of fatty acid",,,"20,000 mg/kg",numeric,363,117
405,"Propylene
glycol alginate",,,"3,000 mg/kg",numeric,,117
,"STEAROYL
LACTYLATE
S",,,"3,000 mg/kg",numeric,,117
,SORBITAN,,,"5,000 mg/kg",numeric,363,117
473,"Sucrose esters
of fatty acids",,,"5,000 mg/kg",numeric,"363,
102",118
474,"Sucroglyceride
s",,,"10,000 mg/kg",numeric,102,118
319,"Tertiary
butylhydroquin
one",,,200 mg/kg,numeric,"15,
130",118
405,"Propylene
glycol alginate",2.4,"Fat-based
desserts
excluding
dairy-based
dessert
products of
food category
1.7 (frozen
desserts/froze
n confections)",10 g/kg,numeric,,118
475,"Polyglycerol
esters of fatty
acids",2.4,"Fat-based
desserts
excluding
dairy-based
dessert
products of
food category
1.7 (frozen
desserts/froze
n confections)",10 g/kg,numeric,,118
432,"Polyoxethylene
sorbitian
monolaureate",2.4,"Fat-based
desserts
excluding
dairy-based
dessert
products of
food category
1.7 (frozen
desserts/froze
n confections)",10 g/kg,numeric,,118
436,"Polyoxethylene
sorbitian
tristearate",2.4,"Fat-based
desserts
excluding
dairy-based
dessert
products of
food category
1.7 (frozen
desserts/froze
n confections)",10 g/kg,numeric,,118
435,"Polyoxethylene
sorbitian
monolstearate",2.4,"Fat-based
desserts
excluding
dairy-based
dessert
products of
food category
1.7 (frozen
desserts/froze
n confections)",10 g/kg,numeric,,118
951,Aspartame,2.4,"Fat-based
desserts
excluding
dairy-based
dessert
products of
food category
1.7 (frozen
desserts/froze
n confections)","1,000 mg/kg",numeric,191,118
955,Sucralose,2.4,"Fat-based
desserts
excluding
dairy-based
dessert
products of
food category
1.7 (frozen
desserts/froze
n confections)",400 mg/kg,numeric,,118
100,Curcumin,2.4,"Fat-based
desserts
excluding
dairy-based
dessert
products of
food category
1.7 (frozen
desserts/froze
n confections)",100 mg/kg,numeric,,118
160a(ii),"beta-Carotenes,
vegetable",2.4,"Fat-based
desserts
excluding
dairy-based
dessert
products of
food category
1.7 (frozen
desserts/froze
n confections)","1,000 mg/kg",numeric,,118
,"RIBOFLAVI
NS",2.4,"Fat-based
desserts
excluding
dairy-based
dessert
products of
food category
1.7 (frozen
desserts/froze
n confections)",300 mg/kg,numeric,,118
160b,Annatto,2.4,"Fat-based
desserts
excluding
dairy-based
dessert
products of
food category
1.7 (frozen
desserts/froze
n confections)",100 mg/kg,numeric,,118
160e,"Beta apo -8-
carotenal",,,100 mg/kg,numeric,,119
150d,"Caramel color -
ammonium
sulphite
process",,,3 g/kg,numeric,,119
,TARTRATES,,,1 g/kg,numeric,,119
950,"Acesulfame
potassium",,,350 mg/kg,numeric,188,119
129,Allura red AC,,,100 mg/kg,numeric,,119
,"ASCORBYL
ESTERS",,,80 mg/kg,numeric,10,119
962,"Aspartame-
acesulfame salt",,,350 mg/kg,numeric,113,119
,BENZOATES,,,"1,000 mg/kg",numeric,13,119
133,"Brilliant blue
FCF",,,100 mg/kg,numeric,,119
320,"Butylated
hydroxyanisole
(BHA)",,,200 mg/kg,numeric,"130,
15",119
321,"Butylated
hydroxytoluene
(BHT)",,,200 mg/kg,numeric,"130,
15",119
161g,Canthaxanthin,,,100 mg/kg,numeric,,119
150c,"Caramel III -
ammonia
caramel",,,"20,000 mg/kg",numeric,,119
,CAROTENOI,,,150 mg/kg,numeric,,119
,"CHLOROPH
YLLS AND
CHLOROPH
YLLINS,
COPPER
COMPLEX",,,500 mg/kg,numeric,,120
472e,"Diacetyltartaric
and fatty acid
esters of
glycerol",,,"5,000 mg/kg",numeric,,120
143,Fast green FCF,,,100 mg/kg,numeric,,120
163(ii),"Grape skin
estract",,,200 mg/kg,numeric,181,120
132,"Indigotine
(indigo
caramine)",,,100 mg/kg,numeric,,120
,"IRON
OXIDES",,,350 mg/kg,numeric,,120
961,Neotame,,,100 mg/kg,numeric,,120
,"PHOSPHATE
S",,,"1,500 mg/kg",numeric,33,120
,"POLYSORBA
TES",,,"3,000 mg/kg",numeric,102,120
124,Ponceau 4R,,,50 mg/kg,numeric,,120
310,Propyl gallate,,,200 mg/kg,numeric,"15,
130",120
477,"Propylene
glycol esters of
fatty acids",,,"40,000 mg/kg",numeric,,120
,SACCHARIN,,,100 mg/kg,numeric,,120
,SORBATES,,,"1,000 mg/kg",numeric,42,121
474,"Sucroglyceride
s",,,"5,000 mg/kg",numeric,,121
110,"Sunset yellow
FCF",,,50 mg/kg,numeric,,121
319,"Tertiary
butylhydroquin
one",,,200 mg/kg,numeric,"15,
130",121
950,"Acesulfame
potassium",2.4.1,"Cocoa based
spreads
including
fillings","1,000 mg/kg",numeric,188,121
951,Aspartame,2.4.1,"Cocoa based
spreads
including
fillings","3,000 mg/kg",numeric,191,121
,BENZOATES,2.4.1,"Cocoa based
spreads
including
fillings","1,500 mg/kg",numeric,13,121
310,Propyl gallate,2.4.1,"Cocoa based
spreads
including
fillings",200 mg/kg,numeric,"15,
130",121
,"ACSCORBYL
ESTERS",2.4.1,"Cocoa based
spreads
including
fillings",500 mg/kg,numeric,"10,
15,114",121
905d,"Mineral oil,
high viscosity",2.4.1,"Cocoa based
spreads
including
fillings","2,000 mg/kg",numeric,3,121
905e,"Mineral oil,
medium and
low viscosity,
class I",2.4.1,"Cocoa based
spreads
including
fillings","2,000 mg/kg",numeric,3,121
,"ETHYLENE
DIAMINE
TETRA
ACETATES",2.4.1,"Cocoa based
spreads
including
fillings",50 mg/kg,numeric,21,121
,"HYDROXYB
ENZOATES,
PARA-",2.4.1,"Cocoa based
spreads
including
fillings",300 mg/kg,numeric,27,121
243,"Lauric arginate
ethyl ester",,,200 mg/kg,numeric,,122
,"PHOSPHATE
S",,,880 mg/kg,numeric,33,122
,"POLYSORBA
TES",,,"1,000 mg/kg",numeric,,122
,"SACCHARIN
S",,,200 mg/kg,numeric,,122
955,"Sucralose
(Trichlorogalac
to sucrose)",,,400 mg/kg,numeric,169,122
,"ASCORBYL
ESTERS",3.0,"Edible ices,
including
sorbet (ice
candy) Edible ices,
including
sorbet (ice
candy)",200 mg/kg,numeric,"10,15",122
950,"Acesulfame
potassium",3.0,"Edible ices,
including
sorbet (ice
candy) Edible ices,
including
sorbet (ice
candy)",800 mg/kg,numeric,188,122
129,Allura red AC,3.0,"Edible ices,
including
sorbet (ice
candy) Edible ices,
including
sorbet (ice
candy)",100 mg/kg,numeric,,122
951,Aspartame,3.0,"Edible ices,
including
sorbet (ice
candy) Edible ices,
including
sorbet (ice
candy)","1,000 mg/kg",numeric,191,122
133,"Brilliant blue
FCF",3.0,"Edible ices,
including
sorbet (ice
candy) Edible ices,
including
sorbet (ice
candy)",100 mg/kg,numeric,,122
320,"Butylated
hydroxyanisole
(BHA)",3.0,"Edible ices,
including
sorbet (ice
candy) Edible ices,
including
sorbet (ice
candy)",200 mg/kg,numeric,"195, 15",122
321,Butylated,,,100 mg/kg,numeric,"195, 15",123
,CAROTENOI,,,200 mg/kg,numeric,,123
,CHLOROPH,,,500 mg/kg,numeric,,123
150c,Caramel III -,,,GMP,gmp,,123
150d,Caramel IV -,,,"3,000 mg/kg",numeric,,123
160a(ii),"beta-Carotenes,",,,"1,000 mg/kg",numeric,,123
472e,Diacetyltartaric,,,"1,000 mg/kg",numeric,,123
143,Fast green FCF,,,100 mg/kg,numeric,,123
163(ii),Grape skin,,,100 mg/kg,numeric,181,123
,IRON,,,300 mg/kg,numeric,,123
132,Indigotine,,,100 mg/kg,numeric,,124
961,Neotame,,,100 mg/kg,numeric,,124
,PHOSPHATE,,,"7,500 mg/kg",numeric,33,124
,POLYSORBA,,,"1,000 mg/kg",numeric,,124
124,Ponceau 4R,,Ponceau 4R,100 mg/kg,numeric,,124
477,Propylene,,Ponceau 4R,"5,000 mg/kg",numeric,,124
,RIBOFLAVI,,Ponceau 4R,500 mg/kg,numeric,,124
,SACCHARIN,,Ponceau 4R,100 mg/kg,numeric,,124
955,Sucralose,,Ponceau 4R,320 mg/kg,numeric,,124
474,Sucroglyceride,,Ponceau 4R,"5,000 mg/kg",numeric,"15 , 195",124
110,Sunset yellow,,Ponceau 4R,100 mg/kg,numeric,,124
319,Tertiary,,Ponceau 4R,200 mg/kg,numeric,,124
405,Propylene,,Ponceau 4R,"10,000 mg/kg",numeric,,124
475,Polyglycerol,,Ponceau 4R,"10,000 mg/kg",numeric,,124
432,Polyoxyethylen,,,"10,000 mg/kg",numeric,,125
436,Polyoxyethylen,,,"10,000 mg/kg",numeric,,125
435,Polyoxyethylen,,,"10,000 mg/kg",numeric,,125
100,Curcumin,,,100 mg/kg,numeric,,125
160b,Annatto,,,100 mg/kg,numeric,,125
161g,Canthaxanthin,,,100 mg/kg,numeric,,125
122,Carmoisine,,,100 mg/kg,numeric,,125
127,Erythrosine,,,50 mg/kg,numeric,,125
102,Tartrazine,,,100 mg/kg,numeric,,125
132,"Indigotine
(Indigo
carmine)",,,100 mg/kg,numeric,,125
,TARTRATES,,,1 g/kg,numeric,,125
960,"Steviol
glycosides",,,170 mg/kg,numeric,26,125
901,Beeswax,4.1.1.2,"Surface-
treated fresh
fruits Surface-",GMP,gmp,,126
902,Candelilla wax,4.1.1.2,treated fresh,GMP,gmp,,126
903,Carnauba wax,4.1.1.2,fruits,GMP,gmp,,126
445(iii),Glycerol ester,4.1.1.2,fruits,110 mg/kg,numeric,,126
,IRON OXIDE,4.1.1.2,fruits,"1,000 mg/kg",numeric,4,126
905c(i),Microcrystallin,4.1.1.2,fruits,50 mg/kg,numeric,,126
231,ortho-,4.1.1.2,fruits,12 mg/kg,numeric,49,126
1521,Polyethylene,4.1.1.2,fruits,GMP,gmp,,126
1201,Polyvinylpyrro,4.1.1.2,fruits,GMP,gmp,,126
,SULFITES,,,30 mg/kg,numeric,,127
904,"Shellac,",,,GMP,gmp,,127
474,Sucroglyceride,,,GMP,gmp,,127
302,Calcium,4.1.1.3,"Peeled or
cut minimally
processed
fruits",GMP,gmp,,127
290,Carbon dioxide,4.1.1.3,"Peeled or
cut minimally
processed
fruits",GMP,gmp,59,127
941,Nitrogen,4.1.1.3,"Peeled or
cut minimally
processed
fruits",GMP,gmp,59,127
942,Nitrous oxide,4.1.1.3,"Peeled or
cut minimally
processed
fruits",GMP,gmp,,127
303,Potassium,4.1.1.3,"Peeled or
cut minimally
processed
fruits",GMP,gmp,,127
301,Sodium,4.1.1.3,"Peeled or
cut minimally
processed
fruits",GMP,gmp,,127
509,Calcium,4.1.1.3,"Peeled or
cut minimally
processed
fruits",350 mg/kg,numeric,,127
330,Citric acid,4.1.1.3,"Peeled or
cut minimally
processed
fruits",GMP,gmp,,127
300,Ascorbic acid,4.1.1.3,"Peeled or
cut minimally
processed
fruits",GMP,gmp,,127
501,Potassium,4.1.1.3,"Peeled or
cut minimally
processed
fruits",GMP,gmp,,127
903,Carnauba wax,4.1.2,Processed,GMP,gmp,,127
,SULFITES,4.1.2,fruits,500 mg/kg,numeric,,127
,SULFITES,4.1.2.1,Frozen fruits,500 mg/kg,numeric,"44, 155",127
,ASCORBYL,4.1.2.2,"Dried fruits,",80 mg/kg,numeric,10,127
,BENZOATES,,,800 mg/kg,numeric,13,128
,ETHYLENE,,,265 mg/kg,numeric,21,128
472e,Diacetyltartaric,,,"10,000 mg/kg",numeric,,128
,HYDROXYB,,,800 mg/kg,numeric,27,128
243,Lauric arginate,,,200 mg/kg,numeric,,128
905d,"Mineral oil,",,,"5,000 mg/kg",numeric,,128
905e,"Mineral oil,",,,"5,000 mg/kg",numeric,,128
341(i),Calcium,,,"20,000 mg/kg",numeric,,128
343(ii),Magnesium,,,"20,000 mg/kg",numeric,,128
,SORBATES,,,500 mg/kg,numeric,42,128
,SULFITES,,,"1,000 mg/kg",numeric,"44, 135,",128
334,"Tartaric acid, L",,,GMP,gmp,,128
950,Acesulfame,4.1.2.3,Fruit in,200 mg/kg,numeric,188,128
951,Aspartame,,brine brine,300 mg/kg,numeric,"144, 191",129
,BENZOATES,,brine brine,250 mg/kg,numeric,13,129
,CAROTENOI,,brine brine,"1,000 mg/kg",numeric,,129
,CHLOROPH,,brine brine,100 mg/kg,numeric,,129
150c,Caramel III -,,brine brine,200 mg/kg,numeric,,129
150d,Caramel IV -,,brine brine,"7,500 mg/kg",numeric,,129
160a(ii),"beta-Carotenes,",,brine brine,"1,000 mg/kg",numeric,,129
472e,Diacetyltartaric,,brine brine,"1,000 mg/kg",numeric,,129
,ETHYLENE,,brine brine,250 mg/kg,numeric,21,129
163(ii),Grape skin,,brine brine,"1,500 mg/kg",numeric,,129
,HYDROXYB,,,250 mg/kg,numeric,27,130
961,Neotame,,,100 mg/kg,numeric,,130
,PHOSPHATE,,,"2,200 mg/kg",numeric,,130
900a,Polydimethylsi,,,10 mg/kg,numeric,,130
,SACCHARIN,,,160 mg/kg,numeric,144,130
,SORBATES,,,"1,000 mg/kg",numeric,42,130
,SULFITES,,,100 mg/kg,numeric,44,130
955,Sucralose,,,180 mg/kg,numeric,144,130
950,Acesulfame,4.1.2.4,"Canned or
bottled
(pasteurized)
fruit",350 mg/kg,numeric,188,130
160b,Annatto,4.1.2.4,"Canned or
bottled
(pasteurized)
fruit",200 mg/kg,numeric,,130
951,Aspartame,4.1.2.4,"Canned or
bottled
(pasteurized)
fruit","1,000 mg/kg",numeric,191,130
962,Aspartame-,4.1.2.4,"Canned or
bottled
(pasteurized)
fruit",350 mg/kg,numeric,113,130
161g,Canthaxanthin,4.1.2.4,"Canned or
bottled
(pasteurized)
fruit",200 mg/kg,numeric,,130
133,Brilliant blue,4.1.2.4,"Canned or
bottled
(pasteurized)
fruit",200 mg/kg,numeric,,130
122,Carmoisine,4.1.2.4,"Canned or
bottled
(pasteurized)
fruit",200 mg/kg,numeric,,130
,CAROTENOI,4.1.2.4,"Canned or
bottled
(pasteurized)
fruit",200 mg/kg,numeric,,130
,CHLOROPH,4.1.2.4,"Canned or
bottled
(pasteurized)
fruit",100 mg/kg,numeric,,130
150c,Caramel III -,,,200 mg/kg,numeric,,131
150d,Caramel IV -,,,"7,500 mg/kg",numeric,,131
100,Curcumin,,,200 mg/kg,numeric,,131
160a(ii),"beta-Carotenes,",,,"1,000 mg/kg",numeric,,131
900a,Dimethyl,,,10 mg/kg,numeric,,131
127,Erythrosine,,,100 mg/kg,numeric,,131
143,Fast green FCF,,,200 mg/kg,numeric,,131
163(ii),Grape skin,,,"1,500 mg/kg",numeric,,131
,IRON,,,300 mg/kg,numeric,,131
132,Indigotine,,,200 mg/kg,numeric,,131
961,Neotame,,,33 mg/kg,numeric,,131
124,Ponceau 4R,,,200 mg/kg,numeric,,131
,RIBOFLAVI,,,300 mg/kg,numeric,,131
,SACCHARIN,,,200 mg/kg,numeric,,131
512,Stannous,,,20 mg/kg,numeric,43,131
102,Tartrazine,,,200 mg/kg,numeric,,131
110,"Sunset yellow
FCF",,,200 mg/kg,numeric,,132
955,"Sucralose
(Trichlorogalac
tosucrose)",,,400 mg/kg,numeric,,132
960,"Steviol
glycosides",,,100 mg/kg,numeric,26,132
,Saffron,,,GMP,gmp,,132
950,"Acesulfame
potassium",4.1.2.5,"Jams, jellies,
marmalades Jams, jellies,","1,000 mg/kg",numeric,188,132
129,Allura red AC,4.1.2.5,"Jams, jellies,
marmalades Jams, jellies,",100 mg/kg,numeric,,132
160b,Annatto,4.1.2.5,"Jams, jellies,
marmalades Jams, jellies,",GMP,gmp,,132
951,Aspartame,4.1.2.5,"Jams, jellies,
marmalades Jams, jellies,","1,000 mg/kg",numeric,191,132
962,"Aspartame-
acesulfame salt",4.1.2.5,"Jams, jellies,
marmalades Jams, jellies,","1,000 mg/kg",numeric,113,132
133,"Brilliant blue
FCF",4.1.2.5,"Jams, jellies,
marmalades Jams, jellies,",200 mg/kg,numeric,,132
,BENZOATES,4.1.2.5,"Jams, jellies,
marmalades Jams, jellies,","1,000 mg/kg",numeric,13,132
,"CAROTENOI
DS",4.1.2.5,"Jams, jellies,
marmalades Jams, jellies,",200 mg/kg,numeric,,132
,"CHLOROPH
YLLS AND
CHLOROPH
YLLINS,
COPPER
COMPLEXE
S",4.1.2.5,"Jams, jellies,
marmalades Jams, jellies,",200 mg/kg,numeric,,132
161g,Canthaxanthin,4.1.2.5,"Jams, jellies,
marmalades Jams, jellies,",200 mg/kg,numeric,,132
150c,"Caramel III -
ammonia",4.1.2.5,"Jams, jellies,
marmalades Jams, jellies,",200 mg/kg,numeric,,132
150d,Caramel IV -,,,"1,500 mg/kg",numeric,,133
122,Carmoisine,,,200 mg/kg,numeric,,133
903,Carnauba wax,,,400 mg/kg,numeric,,133
160a(ii),"beta-Carotenes,",,,"1,000 mg/kg",numeric,,133
100,Curcumin,,,GMP,gmp,,133
,ETHYLENE,,,130 mg/kg,numeric,21,133
127,Erythrosine,,,100 mg/kg,numeric,,133
143,Fast green FCF,,,200 mg/kg,numeric,,133
163(ii),Grape skin,,,500 mg/kg,numeric,,133
,HYDROXYB,,,250 mg/kg,numeric,27,133
,IRON,,,200 mg/kg,numeric,,133
132,Indigotine,,,200 mg/kg,numeric,,133
961,Neotame,,,70 mg/kg,numeric,,133
900a,Polydimethylsi,,,30 mg/kg,numeric,,133
124,Ponceau 4R,,,200 mg/kg,numeric,,134
,RIBOFLAVI,,,200 mg/kg,numeric,,134
,SACCHARIN,,,200 mg/kg,numeric,,134
,SORBATES,,,"1,000 mg/kg",numeric,42,134
,SULFITES,,,100 mg/kg,numeric,44,134
960,Steviol,,,360 mg/kg,numeric,26,134
955,Sucralose,,,400 mg/kg,numeric,,134
334,"Tartaric acid, L",,,GMP,gmp,,134
102,Tartrazine,,,200 mg/kg,numeric,,134
160b,Annatto,4.1.2.6,"Fruit-based
spreads (e.g.
chutney)
excluding
products of
food category
4.1.2.5",GMP,gmp,,134
951,Aspartame,4.1.2.6,"Fruit-based
spreads (e.g.
chutney)
excluding
products of
food category
4.1.2.5","1,000 mg/kg",numeric,191,134
,BENZOATES,4.1.2.6,"Fruit-based
spreads (e.g.
chutney)
excluding
products of
food category
4.1.2.5",250 mg/kg,numeric,13,134
133,Brilliant blue,4.1.2.6,"Fruit-based
spreads (e.g.
chutney)
excluding
products of
food category
4.1.2.5",100 mg/kg,numeric,,134
,CAROTENOI,4.1.2.6,"Fruit-based
spreads (e.g.
chutney)
excluding
products of
food category
4.1.2.5",500 mg/kg,numeric,,134
,CHLOROPH,4.1.2.6,"Fruit-based
spreads (e.g.
chutney)
excluding
products of
food category
4.1.2.5",150 mg/kg,numeric,,134
161g,Canthaxanthin,,,15 mg/kg,numeric,,135
150c,Caramel III -,,,500 mg/kg,numeric,,135
150d,Caramel IV -,,,500 mg/kg,numeric,,135
160a(ii),"beta-Carotenes,",,,500 mg/kg,numeric,,135
100,Curcumin,,,GMP,gmp,,135
472e,Diacetyltartaric,,,"5,000 mg/kg",numeric,,135
,ETHYLENE,,,100 mg/kg,numeric,21,135
143,Fast green FCF,,,100 mg/kg,numeric,,135
163(ii),Grape skin,,,500 mg/kg,numeric,,135
,HYDROXYB,,,"1,000 mg/kg",numeric,27,135
,IRON,,,500 mg/kg,numeric,,135
132,Indigotine,,,100 mg/kg,numeric,,135
961,Neotame,,,70 mg/kg,numeric,,136
,PHOSPHATE,,,"1,100 mg/kg",numeric,33,136
900a,Polydimethylsi,,,10 mg/kg,numeric,,136
124,Ponceau 4R,,,100 mg/kg,numeric,,136
405,Propylene,,,GMP,gmp,,136
,RIBOFLAVI,,,500 mg/kg,numeric,,136
,SACCHARIN,,,200 mg/kg,numeric,,136
,SORBATES,,,"1,000 mg/kg",numeric,42,136
955,Sucralose,,,400 mg/kg,numeric,,136
334,"Tartaric acid, L",,,GMP,gmp,,136
304,Ascorbyl,,,200 mg/kg,numeric,,136
110,Sunset yellow,,,100 mg/kg,numeric,,136
319,TBHQ,,,200 mg/kg,numeric,,136
,TOCOPHER,,,GMP,gmp,,136
960,Steviol,,,330 mg/kg,numeric,26,136
950,Acesulfame,,,500 mg/kg,numeric,188,136
129,Allura red AC,4.1.2.7,Candied /,100 mg/kg,numeric,,136
160b,Annatto,4.1.2.7,glazed /,200 mg/kg,numeric,,136
951,Aspartame,,"crystallised
fruit including
murrabba* crystallised","2,000 mg/kg",numeric,191,137
,BENZOATES,,fruit including,"1,000 mg/kg",numeric,13,137
133,Brilliant blue,,murrabba*,200 mg/kg,numeric,,137
161g,Canthaxanthin,,murrabba*,200 mg/kg,numeric,,137
,CAROTENOI,,murrabba*,200 mg/kg,numeric,,137
,CHLOROPH,,murrabba*,250 mg/kg,numeric,,137
150c,Caramel III -,,murrabba*,200 mg/kg,numeric,,137
150d,Caramel IV -,,murrabba*,"7,500 mg/kg",numeric,,137
160a(ii),"beta-Carotenes,",,murrabba*,"1,000 mg/kg",numeric,,137
100,Curcumin,,murrabba*,200 mg/kg,numeric,,137
472e,Diacetyltartaric,,murrabba*,"1,000 mg/kg",numeric,,137
127,Erythrosine,,murrabba*,100 mg/kg,numeric,,137
143,Fast green FCF,,murrabba*,200 mg/kg,numeric,,137
163(ii),Grape skin,,murrabba*,"1,000 mg/kg",numeric,,137
,HYDROXYB,,,"1,000 mg/kg",numeric,27,138
,IRON,,,250 mg/kg,numeric,,138
132,Indigotine,,,200 mg/kg,numeric,,138
961,Neotame,,,65 mg/kg,numeric,,138
,PHOSPHATE,,,10 mg/kg,numeric,33,138
124,Ponceau 4R,,,200 mg/kg,numeric,,138
,RIBOFLAVI,,,300 mg/kg,numeric,,138
,SORBATES,,,500 mg/kg,numeric,42,138
955,Sucralose,,,800 mg/kg,numeric,,138
110,Sunset yellow,,,200 mg/kg,numeric,,138
102,Tartrazine,,,200 mg/kg,numeric,,138
950,Acesulfame,,,500 mg/kg,numeric,188,138
334,Tartaric acid,,,GMP,gmp,,138
950,Acesulfame,4.1.2.8,Fruit,350 mg/kg,numeric,188,138
129,Allura red AC,,"including fruit
pulp, purees,
fruit toppings
and coconut
milk including fruit",100 mg/kg,numeric,,139
962,Aspartame-,,"including fruit
pulp, purees,
fruit toppings
and coconut
milk including fruit",350 mg/kg,numeric,113,139
951,Aspartame,,"including fruit
pulp, purees,
fruit toppings
and coconut
milk including fruit","1,000 mg/kg",numeric,191,139
,Annatto,,"including fruit
pulp, purees,
fruit toppings
and coconut
milk including fruit",GMP,gmp,,139
,BENZOATES,,"including fruit
pulp, purees,
fruit toppings
and coconut
milk including fruit","1,000 mg/kg",numeric,13,139
133,Brilliant blue,,"including fruit
pulp, purees,
fruit toppings
and coconut
milk including fruit",100 mg/kg,numeric,,139
,CAROTENOI,,"including fruit
pulp, purees,
fruit toppings
and coconut
milk including fruit",100 mg/kg,numeric,,139
,CHLOROPH,,"including fruit
pulp, purees,
fruit toppings
and coconut
milk including fruit",100 mg/kg,numeric,,139
160a(ii),"beta-Carotenes,",,"including fruit
pulp, purees,
fruit toppings
and coconut
milk including fruit",100 mg/kg,numeric,182,139
150c,Caramel III -,,"including fruit
pulp, purees,
fruit toppings
and coconut
milk including fruit","7,500 mg/kg",numeric,,139
150d,Caramel IV -,,"including fruit
pulp, purees,
fruit toppings
and coconut
milk including fruit","7,500 mg/kg",numeric,,139
100,Curcumin,,"including fruit
pulp, purees,
fruit toppings
and coconut
milk including fruit",GMP,gmp,,139
472e,Diacetyltartaric,,"including fruit
pulp, purees,
fruit toppings
and coconut
milk including fruit","2,500 mg/kg",numeric,,139
143,Fast green FCF,,,100 mg/kg,numeric,,140
163(ii),Grape skin,,,500 mg/kg,numeric,,140
,HYDROXYB,,,800 mg/kg,numeric,27,140
132,Indigotine,,,100 mg/kg,numeric,,140
961,Neotame,,,100 mg/kg,numeric,,140
,PHOSPHATE,,,350 mg/kg,numeric,33,140
160c(i),Paprika,,,GMP,gmp,,140
,SORBATES,,,"1,000 mg/kg",numeric,42,140
124,Ponceau 4R,,,50 mg/kg,numeric,,140
477,Propylene,,,"40,000 mg/kg",numeric,,140
,RIBOFLAVI,,,300 mg/kg,numeric,,140
,SACCHARIN,,,200 mg/kg,numeric,,140
,SORBATES,,,"1,000 mg/kg",numeric,42,140
,POLYSORBA,,,"1,000 mg/kg",numeric,154,140
,SULFITES,,,100 mg/kg,numeric,"206, 44",140
960,Steviol,,,330 mg/kg,numeric,26,140
955,Sucralose,,,400 mg/kg,numeric,,141
110,Sunset yellow,,,100 mg/kg,numeric,,141
,SORBITA,,,"5,000 mg/kg",numeric,,141
473,Sucrose esters,,,"1,500 mg/kg",numeric,"348,",141
334,"Tartaric acid, L",4.1.2.9,"Fruit-based
desserts
including
fruit-
flavoured
water-based
desserts",GMP,gmp,,141
,ASCORBYL,4.1.2.9,"Fruit-based
desserts
including
fruit-
flavoured
water-based
desserts",500 mg/kg,numeric,"2, 10",141
950,Acesulfame,4.1.2.9,"Fruit-based
desserts
including
fruit-
flavoured
water-based
desserts",350 mg/kg,numeric,188,141
129,Allura red AC,4.1.2.9,"Fruit-based
desserts
including
fruit-
flavoured
water-based
desserts",100 mg/kg,numeric,,141
951,Aspartame,4.1.2.9,"Fruit-based
desserts
including
fruit-
flavoured
water-based
desserts","1,000 mg/kg",numeric,191,141
962,Aspartame-,4.1.2.9,"Fruit-based
desserts
including
fruit-
flavoured
water-based
desserts",350 mg/kg,numeric,113,141
133,Brilliant blue,4.1.2.9,"Fruit-based
desserts
including
fruit-
flavoured
water-based
desserts",100 mg/kg,numeric,,141
,CAROTENOI,4.1.2.9,"Fruit-based
desserts
including
fruit-
flavoured
water-based
desserts",150 mg/kg,numeric,,141
,CHLOROPH,4.1.2.9,"Fruit-based
desserts
including
fruit-
flavoured
water-based
desserts",150 mg/kg,numeric,,141
161g,Canthaxanthin,,,15 mg/kg,numeric,,142
150c,Caramel III -,,,200 mg/kg,numeric,,142
150d,Caramel IV -,,,"7,500 mg/kg",numeric,,142
160a(ii),"beta-Carotenes,",,,"1,000 mg/kg",numeric,,142
472e,Diacetyltartaric,,,"2,500 mg/kg",numeric,,142
143,Fast green FCF,,,100 mg/kg,numeric,,142
163(ii),Grape skin,,,500 mg/kg,numeric,,142
,HYDROXYB,,,800 mg/kg,numeric,27,142
,IRON,,,200 mg/kg,numeric,,142
132,Indigotine,,,100 mg/kg,numeric,,142
961,Neotame,,,100 mg/kg,numeric,,142
,PHOSPAHTE,,,"1,500 mg/kg",numeric,33,142
,SORBATES,,,"3,000 mg/kg",numeric,,142
900a,Polydimethylsi,,,110 mg/kg,numeric,,142
124,Ponceau 4R,,,50 mg/kg,numeric,,143
310,Propyl gallate,,,90 mg/kg,numeric,"2, 15",143
477,Propylene,,,"40,000 mg/kg",numeric,,143
,RIBOFLAVI,,,300 mg/kg,numeric,,143
,SACCHARIN,,,100 mg/kg,numeric,,143
,SORBATES,,,"1,000 mg/kg",numeric,42,143
,SULFITES,,,100 mg/kg,numeric,44,143
955,Sucralose,,,400 mg/kg,numeric,,143
474,Sucroglyceride,,,"5,000 mg/kg",numeric,,143
110,Sunset yellow,,,50 mg/kg,numeric,,143
960,Steviol,,,350 mg/kg,numeric,26,143
950,Acesulfame,4.1.2.10,"Fermented
fruit products",350 mg/kg,numeric,188,143
951,Aspartame,4.1.2.10,"Fermented
fruit products","1,000 mg/kg",numeric,191,143
,BENZOATES,4.1.2.10,"Fermented
fruit products","1,000 mg/kg",numeric,13,143
,CAROTENOI,4.1.2.10,"Fermented
fruit products",500 mg/kg,numeric,,143
,CHLOROPH,4.1.2.10,"Fermented
fruit products",100 mg/kg,numeric,,143
160a(ii),"beta-Carotenes,",,,200 mg/kg,numeric,,144
472e,Diacetyltartaric,,,"2,500 mg/kg",numeric,,144
,ETHYLENE,,,250 mg/kg,numeric,21,144
163(ii),Grape skin,,,500 mg/kg,numeric,,144
,HYDROXYB,,,800 mg/kg,numeric,27,144
961,Neotame,,,65 mg/kg,numeric,,144
,PHOSPHATE,,,"2,200 mg/kg",numeric,33,144
,RIBOFLAVI,,,500 mg/kg,numeric,,144
900a,Polydimethysil,,,10 mg/kg,numeric,,144
,SACCHARIN,,,160 mg/kg,numeric,,144
,SORBATES,,,"1,000 mg/kg",numeric,42,144
,SULFITES,,,100 mg/kg,numeric,44,144
960,Steviol,,,115 mg/kg,numeric,26,145
955,Sucralose,,,150 mg/kg,numeric,,145
950,Acesulfame,4.1.2.11,"Fruit fillings
for pastries",350 mg/kg,numeric,188,145
129,Allura red AC,4.1.2.11,"Fruit fillings
for pastries",100 mg/kg,numeric,,145
951,Aspartame,4.1.2.11,"Fruit fillings
for pastries","1,000 mg/kg",numeric,191,145
,BENZOATES,4.1.2.11,"Fruit fillings
for pastries","1,000 mg/kg",numeric,13,145
133,Brilliant blue,4.1.2.11,"Fruit fillings
for pastries",100 mg/kg,numeric,,145
,CAROTENOI,4.1.2.11,"Fruit fillings
for pastries",500 mg/kg,numeric,,145
,CHLOROPH,4.1.2.11,"Fruit fillings
for pastries",100 mg/kg,numeric,,145
161g,Canthaxanthin,4.1.2.11,"Fruit fillings
for pastries",15 mg/kg,numeric,,145
150c,Caramel III -,4.1.2.11,"Fruit fillings
for pastries","7,500 mg/kg",numeric,,145
150d,Caramel IV -,4.1.2.11,"Fruit fillings
for pastries","7,500 mg/kg",numeric,,145
160a(ii),"beta-Carotenes,",4.1.2.11,"Fruit fillings
for pastries",100 mg/kg,numeric,,145
,ETHYLENE,,,650 mg/kg,numeric,21,146
143,Fast green FCF,,,100 mg/kg,numeric,,146
163(ii),Grape skin,,,500 mg/kg,numeric,,146
,HYDROXYB,,,800 mg/kg,numeric,27,146
132,Indigotine,,,100 mg/kg,numeric,,146
243,Lauric arginate,,,200 mg/kg,numeric,,146
961,Neotame,,,100 mg/kg,numeric,,146
,PHOSPHATE,,,"1,500 mg/kg",numeric,33,146
,SORBATES,,,"3,000 mg/kg",numeric,,146
124,Ponceau 4R,,,50 mg/kg,numeric,,146
477,Propylene,,,"40,000 mg/kg",numeric,,146
,RIBOFLAVI,,,300 mg/kg,numeric,,146
,SORBATES,,,"1,000 mg/kg",numeric,42,146
,SULFITES,,SULFITES,100 mg/kg,numeric,44,146
955,Sucralose,,SULFITES,400 mg/kg,numeric,,146
110,Sunset yellow,,,100 mg/kg,numeric,,147
960,Steviol,,,330 mg/kg,numeric,26,147
950,Acesulfame,4.1.2.12,Cooked fruit,500 mg/kg,numeric,188,147
951,Aspartame,4.1.2.12,Cooked fruit,"1,000 mg/kg",numeric,191,147
,BENZOATES,4.1.2.12,BENZOATES,"1,000 mg/kg",numeric,13,147
,CHLOROPH,4.1.2.12,BENZOATES,100 mg/kg,numeric,,147
961,Neotame,4.1.2.12,BENZOATES,65 mg/kg,numeric,,147
,SORBATES,4.1.2.12,BENZOATES,"1,200 mg/kg",numeric,42,147
955,Sucralose,4.1.2.12,BENZOATES,150 mg/kg,numeric,,147
902,Candelilla wax,4.2.1.2,"Surface
treated fresh
vegetables
(including
mushrooms
and fungi,
roots and
tubers, fresh
pulses and
legumes, and
aloe vera) sea
weeds, nuts
and seeds Surface",GMP,gmp,79,148
901,Beeswax,4.2.1.2,vegetables,GMP,gmp,79,148
903,Carnauba wax,4.2.1.2,(including,GMP,gmp,79,148
445(iii),Glycerol ester,4.2.1.2,mushrooms,110 mg/kg,numeric,,148
243,Lauric arginate,4.2.1.2,roots and,200 mg/kg,numeric,,148
905c(i),Microcrystallin,4.2.1.2,pulses and,50 mg/kg,numeric,,148
,PHOSPHATE,4.2.1.2,aloe vera) sea,"1,760 mg/kg",numeric,33,148
904,"Shellac,",4.2.1.2,and seeds,GMP,gmp,79,148
243,Lauric arginate,4.2.1.3,"Peeled, cut",200 mg/kg,numeric,,148
,PHOSPHATE,,"minimally
processed
vegetables
[(including
mushrooms
and fungi,
roots and
tubers, fresh
pulses and
legumes, and
aloe vera) sea
weeds, nuts
and seeds)] minimally","5,600 mg/kg",numeric,"33,76",149
301,Sodium,,vegetables,GMP,gmp,,149
,SULFITES,,mushrooms,50 mg/kg,numeric,"44,76,13",149
509,Calcium,,roots and,350 mg/kg,numeric,,149
330,Citric acid,,roots and,GMP,gmp,,149
300,Ascorbic acid,,roots and,GMP,gmp,,149
302,Calcium,,roots and,GMP,gmp,,149
501,Potassium,,roots and,GMP,gmp,,149
260,"Acetic acid,",4.2.2,"Processed
vegetables
(including
mushrooms
and fungi,
roots and
tubers, pulses
and legumes,
and aloe vera)
sea weeds,
nuts and seeds",GMP,gmp,,149
150d,Caramel IV -,4.2.2,"Processed
vegetables
(including
mushrooms
and fungi,
roots and
tubers, pulses
and legumes,
and aloe vera)
sea weeds,
nuts and seeds","50,000 mg/kg",numeric,92,149
300,"Ascorbic acid,",4.2.2,"Processed
vegetables
(including
mushrooms
and fungi,
roots and
tubers, pulses
and legumes,
and aloe vera)
sea weeds,
nuts and seeds",GMP,gmp,110,149
330,Citric acid,4.2.2,Citric acid,GMP,gmp,"242, 262,",149
,ETHYLENE,4.2.2,Citric acid,100 mg/kg,numeric,"21, 110",149
270,"Lactic acid, L-,",,,GMP,gmp,"262, 264",150
296,"Malic acid, dl-",,,GMP,gmp,265,150
,PHOSPHATE,,,"5,000 mg/kg",numeric,"33, 76",150
900a,Polydimethylsi,,,10 mg/kg,numeric,15,150
,SULFITES,,SULFITES,50 mg/kg,numeric,"44, 76,",150
300,"Ascorbic acid,",4.2.2.1,"Frozen
vegetables
(including
mushrooms
and fungi,
roots and
tubers,
pulses and
legumes, and
aloe vera) sea
weeds, nuts
and seeds",GMP,gmp,110,150
330,Citric acid,4.2.2.1,Citric acid,GMP,gmp,"242, 262,",150
,ETHYLENE,4.2.2.1,Citric acid,100 mg/kg,numeric,"21, 110",150
270,"Lactic acid, L-,",4.2.2.1,Citric acid,GMP,gmp,"262, 264",150
296,"Malic acid, dl-",4.2.2.1,"Malic acid, dl-",GMP,gmp,265,150
,PHOSPHATE,4.2.2.1,"Malic acid, dl-","5,000 mg/kg",numeric,"33, 76",150
900a,Polydimethylsi,4.2.2.1,"Malic acid, dl-",10 mg/kg,numeric,15,150
,SULFITES,4.2.2.1,SULFITES,50 mg/kg,numeric,"44, 76,",150
509,Calcium,4.2.2.1,SULFITES,GMP,gmp,323,150
516,Calcium,,,GMP,gmp,323,151
,ASCORBYL,4.2.2.2,"Dried
vegetables
(including
mushrooms
and fungi,
roots and
tubers,
pulses and
legumes, and
aloe vera) sea
weeds, nuts
and seeds ASCORBYL
ESTERS",80 mg/kg,numeric,10,151
,BENZOATES,4.2.2.2,"Dried
vegetables
(including
mushrooms
and fungi,
roots and
tubers,
pulses and
legumes, and
aloe vera) sea
weeds, nuts
and seeds ASCORBYL
ESTERS","1,000 mg/kg",numeric,13,151
320,Butylated,4.2.2.2,"Dried
vegetables
(including
mushrooms
and fungi,
roots and
tubers,
pulses and
legumes, and
aloe vera) sea
weeds, nuts
and seeds ASCORBYL
ESTERS",200 mg/kg,numeric,"196, 15,
76",151
321,Butylated,4.2.2.2,"Dried
vegetables
(including
mushrooms
and fungi,
roots and
tubers,
pulses and
legumes, and
aloe vera) sea
weeds, nuts
and seeds ASCORBYL
ESTERS",200 mg/kg,numeric,"196, 15,
76",151
161g,Canthaxanthin,4.2.2.2,"Dried
vegetables
(including
mushrooms
and fungi,
roots and
tubers,
pulses and
legumes, and
aloe vera) sea
weeds, nuts
and seeds ASCORBYL
ESTERS",10 mg/kg,numeric,,151
472e,Diacetyltartaric,4.2.2.2,"Dried
vegetables
(including
mushrooms
and fungi,
roots and
tubers,
pulses and
legumes, and
aloe vera) sea
weeds, nuts
and seeds ASCORBYL
ESTERS","10,000 mg/kg",numeric,,151
,ETHYLENE,4.2.2.2,"Dried
vegetables
(including
mushrooms
and fungi,
roots and
tubers,
pulses and
legumes, and
aloe vera) sea
weeds, nuts
and seeds ASCORBYL
ESTERS",800 mg/kg,numeric,"21, 64,
297",151
,PHOSPHATE,4.2.2.2,"Dried
vegetables
(including
mushrooms
and fungi,
roots and
tubers,
pulses and
legumes, and
aloe vera) sea
weeds, nuts
and seeds ASCORBYL
ESTERS","5,000 mg/kg",numeric,"33, 76",151
310,Propyl gallate,4.2.2.2,Propyl gallate,50 mg/kg,numeric,"15,",151
,SULFITES,4.2.2.2,Propyl gallate,500 mg/kg,numeric,"44, 105",151
129,Allura red AC,4.2.2.3,"Vegetables
(including
mushrooms Allura red AC",100 mg/kg,numeric,,151
950,Acesulfame,4.2.2.3,"Vegetables
(including
mushrooms Allura red AC",200 mg/kg,numeric,"144, 188",151
523,Aluminium,,,520 mg/kg,numeric,"6,
245,296",152
951,Aspartame,,,300 mg/kg,numeric,"144, 191",152
962,Aspartame-,,,200 mg/kg,numeric,113,152
,BENZOATES,,,"2,000 mg/kg",numeric,13,152
133,Brilliant blue,,,100 mg/kg,numeric,,152
150c,Caramel III -,,,500 mg/kg,numeric,,152
160a(ii),beta -,,,"1,320 mg/kg",numeric,,152
,CAROTENOI,,,50 mg/kg,numeric,,152
472e,Diacetyltartaric,,,"2,500 mg/kg",numeric,,152
,ETHYLENE,,,250 mg/kg,numeric,21,152
143,Fast green FCF,,,100 mg/kg,numeric,,152
163(ii),Grape skin,,,100 mg/kg,numeric,"179, 181",152
,HYDROXYB,,,"1,000 mg/kg",numeric,27,152
132,Indigotine,,,100 mg/kg,numeric,,153
243,Lauric arginate,,,200 mg/kg,numeric,,153
961,Neotame,,,10 mg/kg,numeric,144,153
,PHOSPHATE,,,"2,200 mg/kg",numeric,33,153
900a,Polydimethylsi,,,10 mg/kg,numeric,,153
,RIBOFLAVI,,,500 mg/kg,numeric,,153
,SACCHARIN,,,160 mg/kg,numeric,144,153
,SORBATES,,,1000 mg/kg,numeric,42,153
955,Sucralose,,,400 mg/kg,numeric,,153
,SULFITES,,SULFITES,100 mg/kg,numeric,44,153
579,Ferrous,,SULFITES,150 mg/kg,numeric,"48,23",153
585,Ferrous lactate,,SULFITES,150 mg/kg,numeric,"48,23",153
950,Acesulfame,4.2.2.4,Canned or,200 mg/kg,numeric,188,153
129,Allura red AC,4.2.2.4,(pasteurised),200 mg/kg,numeric,,153
950,Acesulfame,4.2.2.4,or retort,350 mg/kg,numeric,188,153
951,Aspartame,4.2.2.4,vegetables,"1,000 mg/kg",numeric,191,153
133,Brilliant blue,4.2.2.4,(including,200 mg/kg,numeric,,153
150c,Caramel III -,,"and fungi,",200 mg/kg,numeric,,154
160a(ii),"beta-Carotenes,",,pulses and,200 mg/kg,numeric,,154
,CAROTENOI,,aloe vera) sea,200 mg/kg,numeric,,154
,ETHYLENE,,aloe vera) sea,365 mg/kg,numeric,21,154
143,Fast green FCF,,aloe vera) sea,200 mg/kg,numeric,,154
961,Neotame,,aloe vera) sea,33 mg/kg,numeric,,154
,PHOSPHATE,,aloe vera) sea,"2,200 mg/kg",numeric,33,154
900a,Polydimethylsi,,aloe vera) sea,10 mg/kg,numeric,,154
,SACCHARIN,,aloe vera) sea,160 mg/kg,numeric,144,154
,Ascorbic acid,,aloe vera) sea,GMP,gmp,,154
512,Stannous,,aloe vera) sea,25 mg/kg,numeric,43,154
960,Steviol,,aloe vera) sea,70 mg/kg,numeric,26,154
955,Sucralose,,aloe vera) sea,580 mg/kg,numeric,,154
,SULFITES,,aloe vera) sea,50 mg/kg,numeric,44,154
951,Aspartame,4.2.2.5,Vegetables,"1,000 mg/kg",numeric,191,154
950,Acesulfame,,mushrooms,"1,000 mg/kg",numeric,188,155
,BENZOATES,,roots and,"1,000 mg/kg",numeric,13,155
150c,Caramel III -,,"tubers, pulses","50,000 mg/kg",numeric,,155
160a(ii),"beta-Carotenes,",,"sea weeds,","1,000 mg/kg",numeric,,155
,CAROTENOI,,"seeds, purees",50 mg/kg,numeric,,155
,CHLOROPH,,(peanut,100 mg/kg,numeric,62,155
,ETHYLENE,,(peanut,250 mg/kg,numeric,21,155
163(ii),Grape skin,,(peanut,100 mg/kg,numeric,"179, 181",155
,HYDROXYB,,(peanut,"1,000 mg/kg",numeric,27,155
961,Neotame,,(peanut,33 mg/kg,numeric,,155
,PHOSPHATE,,(peanut,"2,200 mg/kg",numeric,"33, 76",155
900a,Polydimethylsi,,Polydimethylsi,10 mg/kg,numeric,,155
,SACCHARIN,,,160 mg/kg,numeric,,156
,SORBATES,,,"1,000 mg/kg",numeric,42,156
960,Steviol,,,330 mg/kg,numeric,26,156
955,Sucralose,,,400 mg/kg,numeric,169,156
,SULFITES,,,500 mg/kg,numeric,"44, 138",156
129,Allura red AC,4.2.2.6,"Vegetables
(including
mushrooms
and fungi,
roots and
tubers,
pulses and
legumes, and
aloe vera) sea
weeds, nuts
and seeds-
pulps and
preparations
(e.g vegetable
desserts and
sauces,
candied
vegetables)
other than
food category
4.2.2.5",100 mg/kg,numeric,92,156
950,Acesulfame,4.2.2.6,"Vegetables
(including
mushrooms
and fungi,
roots and
tubers,
pulses and
legumes, and
aloe vera) sea
weeds, nuts
and seeds-
pulps and
preparations
(e.g vegetable
desserts and
sauces,
candied
vegetables)
other than
food category
4.2.2.5",350 mg/kg,numeric,188,156
951,Aspartame,4.2.2.6,"Vegetables
(including
mushrooms
and fungi,
roots and
tubers,
pulses and
legumes, and
aloe vera) sea
weeds, nuts
and seeds-
pulps and
preparations
(e.g vegetable
desserts and
sauces,
candied
vegetables)
other than
food category
4.2.2.5","1,000 mg/kg",numeric,191,156
962,Aspartame-,4.2.2.6,"Vegetables
(including
mushrooms
and fungi,
roots and
tubers,
pulses and
legumes, and
aloe vera) sea
weeds, nuts
and seeds-
pulps and
preparations
(e.g vegetable
desserts and
sauces,
candied
vegetables)
other than
food category
4.2.2.5",350 mg/kg,numeric,113,156
,BENZOATES,4.2.2.6,"Vegetables
(including
mushrooms
and fungi,
roots and
tubers,
pulses and
legumes, and
aloe vera) sea
weeds, nuts
and seeds-
pulps and
preparations
(e.g vegetable
desserts and
sauces,
candied
vegetables)
other than
food category
4.2.2.5","3,000 mg/kg",numeric,13,156
133,Brilliant blue,4.2.2.6,"Vegetables
(including
mushrooms
and fungi,
roots and
tubers,
pulses and
legumes, and
aloe vera) sea
weeds, nuts
and seeds-
pulps and
preparations
(e.g vegetable
desserts and
sauces,
candied
vegetables)
other than
food category
4.2.2.5",100 mg/kg,numeric,92,156
150c,Caramel III -,4.2.2.6,"Vegetables
(including
mushrooms
and fungi,
roots and
tubers,
pulses and
legumes, and
aloe vera) sea
weeds, nuts
and seeds-
pulps and
preparations
(e.g vegetable
desserts and
sauces,
candied
vegetables)
other than
food category
4.2.2.5","50,000 mg/kg",numeric,,156
160a(ii),beta -,4.2.2.6,"Vegetables
(including
mushrooms
and fungi,
roots and
tubers,
pulses and
legumes, and
aloe vera) sea
weeds, nuts
and seeds-
pulps and
preparations
(e.g vegetable
desserts and
sauces,
candied
vegetables)
other than
food category
4.2.2.5","1,000 mg/kg",numeric,92,156
,CAROTENOI,4.2.2.6,"Vegetables
(including
mushrooms
and fungi,
roots and
tubers,
pulses and
legumes, and
aloe vera) sea
weeds, nuts
and seeds-
pulps and
preparations
(e.g vegetable
desserts and
sauces,
candied
vegetables)
other than
food category
4.2.2.5",50 mg/kg,numeric,92,156
,Chlorophylls,4.2.2.6,"Vegetables
(including
mushrooms
and fungi,
roots and
tubers,
pulses and
legumes, and
aloe vera) sea
weeds, nuts
and seeds-
pulps and
preparations
(e.g vegetable
desserts and
sauces,
candied
vegetables)
other than
food category
4.2.2.5",100 mg/kg,numeric,"62, 92",156
472e,Diacetyltartaric,,,"2,500 mg/kg",numeric,,157
,ETHYLENE,,,80 mg/kg,numeric,21,157
163(ii),Grape skin,,,100 mg/kg,numeric,"92, 181",157
,HYDROXYB,,,"1,000 mg/kg",numeric,27,157
132,Indigotine,,,100 mg/kg,numeric,92,157
961,Neotame,,,33 mg/kg,numeric,,157
,PHOSPHATE,,,"2,200 mg/kg",numeric,33,157
900a,Polydimethylsi,,,50 mg/kg,numeric,,157
,POLYSORBA,,,"3,000 mg/kg",numeric,,157
477,Propylene,,,"5,000 mg/kg",numeric,,157
,RIBOFLAVI,,,300 mg/kg,numeric,92,157
,SACCHARIN,,,200 mg/kg,numeric,,157
,SORBATES,,,"1,000 mg/kg",numeric,42,158
960,Steviol,,,165 mg/kg,numeric,26,158
955,Sucralose,,,400 mg/kg,numeric,,158
474,Sucroglyceride,,,"5,000 mg/kg",numeric,,158
,SULFITES,,,300 mg/kg,numeric,"44, 205",158
110,Sunset yellow,,,50 mg/kg,numeric,92,158
951,Aspartame,4.2.2.7,Fermented,"2,500 mg/kg",numeric,191,158
950,Acesulfame,4.2.2.7,Fermented,"1,000 mg/kg",numeric,188,158
,BENZOATES,4.2.2.7,Fermented,"1,000 mg/kg",numeric,13,158
133,Brilliant blue,4.2.2.7,roots and,100 mg/kg,numeric,92,158
,CAROTENOI,4.2.2.7,"and legumes,",50 mg/kg,numeric,92,158
634,Calcium 5'-,4.2.2.7,and seaweed,GMP,gmp,279,158
170(i),Calcium,4.2.2.7,excluding,GMP,gmp,279,158
509,Calcium,4.2.2.7,soybean,GMP,gmp,279,158
327,Calcium lactate,4.2.2.7,food,"10,000 mg/kg",numeric,,158
170,Calcium,4.2.2.7,categories,GMP,gmp,,158
227,Calcium,4.2.2.7,categories,500 mg/kg,numeric,,158
330,Citric acid,,,GMP,gmp,,159
,CHLOROPH,,,100 mg/kg,numeric,62,159
150c,Caramel III -,,,"50,000 mg/kg",numeric,,159
160a(ii),"beta-Carotenes,",,,"1,000 mg/kg",numeric,,159
472e,Diacetyltartaric,,,"2,500 mg/kg",numeric,,159
,ETHYLENE,,,250 mg/kg,numeric,21,159
127,Erythrosine,,,30 mg/kg,numeric,,159
143,Fast green FCF,,,100 mg/kg,numeric,,159
163(ii),Grape skin,,,100 mg/kg,numeric,181,159
,HYDROXYB,,,300 mg/kg,numeric,27,159
132,Indigotine,,,100 mg/kg,numeric,,159
296,Malic acid,,,GMP,gmp,,160
961,Neotame,,,33 mg/kg,numeric,,160
,PHOSPHATE,,,"2,200 mg/kg",numeric,33,160
900a,Polydimethylsi,,,10 mg/kg,numeric,,160
124,Ponceau 4R,,,100 mg/kg,numeric,,160
,RIBOFLAVI,,,500 mg/kg,numeric,,160
,SACCHARIN,,,200 mg/kg,numeric,,160
,SORBATES,,,"1,000 mg/kg",numeric,42,160
,SULFITES,,,500 mg/kg,numeric,44,160
955,Sucralose,,,580 mg/kg,numeric,,160
110,Sunset yellow,,,100 mg/kg,numeric,92,160
960,Steviol,,,200 mg/kg,numeric,26,160
951,Aspartame,4.2.2.8,Cooked or,"1,000 mg/kg",numeric,,160
,Benzoates,4.2.2.8,fried,"1,000 mg/kg",numeric,13,160
334,L-Tartaric acid,4.2.2.8,vegetables,GMP,gmp,,160
,Chlorophylls,4.2.2.8,(including,100 mg/kg,numeric,,160
150c,Caramel III -,4.2.2.8,"and legumes,","50,000 mg/kg",numeric,,160
100,Curcumin,,,GMP,gmp,,161
472e,Diacetyltartaric,,,"2,500 mg/kg",numeric,,161
,ETHYLENE,,,250 mg/kg,numeric,21,161
961,Neotame,,,33 mg/kg,numeric,,161
,PHOSPHATE,,,"2,200 mg/kg",numeric,"33, 76",161
,SACCHARIN,,,160 mg/kg,numeric,144,161
,SORBATES,,,"1,000 mg/kg",numeric,"42,221",161
955,Sucralose,,,150 mg/kg,numeric,141,161
960,Steviol,,,40 mg/kg,numeric,26,161
,"ASCORBYL
ESTERS",5.0,Confectionery,500 mg/kg,numeric,"10,",162
905e,"Mineral oil,",5.0,Confectionery,"2,000 mg/kg",numeric,3,162
900a,Polydimethylsi,5.0,Confectionery,10 mg/kg,numeric,,162
905d,"Mineral oil,",5.1,"Cocoa
products and
chocolate
products
including
imitations and
chocolate
substitutes","2,000 mg/kg",numeric,3,162
310,Propyl gallate,5.1,Propyl gallate,200 mg/kg,numeric,"15, 130",162
950,Acesulfame,5.1.1,"Cocoa mixes
(powders) and
cocoa
mass/cake",350 mg/kg,numeric,188,162
442,Ammonium,5.1.1,"Cocoa mixes
(powders) and
cocoa
mass/cake",GMP,gmp,97,162
951,Aspartame,5.1.1,"Cocoa mixes
(powders) and
cocoa
mass/cake","3,000 mg/kg",numeric,191,162
,BENZOATES,5.1.1,"Cocoa mixes
(powders) and
cocoa
mass/cake","15,00 mg/kg",numeric,,162
,SORBATES,5.1.1,"Cocoa mixes
(powders) and
cocoa
mass/cake","1,500 mg/kg",numeric,,162
,PHOSPHAT,5.1.1,"Cocoa mixes
(powders) and
cocoa
mass/cake","1,100 mg/kg",numeric,33,162
477,Propylene,5.1.1,"Cocoa mixes
(powders) and
cocoa
mass/cake","5,000 mg/kg",numeric,97,162
,SACCHARIN,5.1.1,"Cocoa mixes
(powders) and
cocoa
mass/cake",100 mg/kg,numeric,97,162
473,"Sucrose esters
of fatty acids",,,10 g/kg,numeric,,163
955,"Sucralose
(Trichlorogala
ctosucrose)",,,580 mg/kg,numeric,97,163
334,L-Tartaric acid,,,5 g/kg,numeric,,163
475,"Polyglycerol
esters of fatty
acid",,,"5,000 mg/kg",numeric,,163
476,"Polyglycerol
esters of
interesterified
ricinoleic acid",,,"5,000 mg/kg",numeric,,163
,"SORBITAN
ESTERS OF
FATTY
ACIDS",,,"2,000 mg/kg",numeric,,163
150c,"Caramel III -
ammonia
caramel",5.1.2,"Cocoa mixes
(syrups)","50,000 mg/kg",numeric,,163
150d,"Caramel IV -
sulfite
ammonia
caramel",5.1.2,"Cocoa mixes
(syrups)","50,000 mg/kg",numeric,,163
950,"Acesulfame
potassium",5.1.2,"Cocoa mixes
(syrups)",350 mg/kg,numeric,"97,188",163
951,Aspartame,5.1.2,"Cocoa mixes
(syrups)","1,000 mg/kg",numeric,191,163
961,Neotame,5.1.2,"Cocoa mixes
(syrups)",33 mg/kg,numeric,97,163
,"POLYSORB
ATES",5.1.2,"Cocoa mixes
(syrups)",500 mg/kg,numeric,,163
,"SACCHARIN
S",5.1.2,"Cocoa mixes
(syrups)",80 mg/kg,numeric,97,163
,SORBATES,5.1.2,"Cocoa mixes
(syrups)","1,000 mg/kg",numeric,42,163
955,Sucralose,5.1.2,"Cocoa mixes
(syrups)",400 mg/kg,numeric,97,163
,"TARTRAT
ES",,,"2,000 mg/kg",numeric,45,164
,"TOCOPHER
OLS",,,500 mg/kg,numeric,15,164
950,"Acesulfame
potassium",5.1.3,"Cocoa and
chocolate
products","1,000 mg/kg",numeric,188,164
,Annatto,5.1.3,"Cocoa and
chocolate
products",100 mg/kg,numeric,,164
163(ii),"Grape skin
extract",5.1.3,"Cocoa and
chocolate
products",200 mg/kg,numeric,,164
129,Allura red AC,5.1.3,"Cocoa and
chocolate
products",100 mg/kg,numeric,183,164
442,"Ammonium
salts of
phosphatidic
acid",5.1.3,"Cocoa and
chocolate
products",GMP,gmp,,164
951,Aspartame,5.1.3,"Cocoa and
chocolate
products","3,000 mg/kg",numeric,191,164
901,Beeswax,5.1.3,"Cocoa and
chocolate
products",GMP,gmp,3,164
133,"Brilliant blue
FCF",5.1.3,"Cocoa and
chocolate
products",100 mg/kg,numeric,183,164
320,"Butylated
hydroxyanisol
e (BHA)",5.1.3,"Cocoa and
chocolate
products",200 mg/kg,numeric,"130,
141, 15",164
321,"Butylated
hydroxytoluen
e (BHT)",5.1.3,"Cocoa and
chocolate
products",200 mg/kg,numeric,"130,
141, 15",164
319,TBHQ,5.1.3,"Cocoa and
chocolate
products",200 mg/kg,numeric,"15,130
,141",164
,"CAROTENO
IDS",5.1.3,"Cocoa and
chocolate
products",100 mg/kg,numeric,183,164
,CHLOROPH,,,700 mg/kg,numeric,62,165
100,Curcumin,,,100 mg/kg,numeric,,165
902,Candelilla wax,,,GMP,gmp,,165
161g,Canthaxanthin,,,100 mg/kg,numeric,,165
150c,Caramel III -,,,"50,000 mg/kg",numeric,,165
150d,Caramel IV -,,,"50,000 mg/kg",numeric,,165
122,Carmoisine,,,100 mg/kg,numeric,,165
903,Carnauba wax,,,GMP,gmp,,165
,beta-,,,100 mg/kg,numeric,,165
,ETHYLENE,,,50 mg/kg,numeric,21,165
132,Indigotine,,,100 mg/kg,numeric,,165
243,Lauric arginate,,,200 mg/kg,numeric,,165
,SORBATES,,,"1,000 mg/kg",numeric,,165
471,Mono and di,,,GMP,gmp,,165
961,Neotame,,,100 mg/kg,numeric,,166
,HYDROXYB,,,300 mg/kg,numeric,27,166
,PHOSPHAT,,,"2,500 mg/kg",numeric,33,166
102,Tartrazine,,,100 mg/kg,numeric,,166
,POLYSORB,,,"5,000 mg/kg",numeric,101,166
124,Ponceau 4R,,,100 mg/kg,numeric,183,166
,RIBOFLAVI,,,300 mg/kg,numeric,,166
,SACCHARIN,,,500 mg/kg,numeric,,166
127,Erythrosine,,,50 mg/kg,numeric,,166
904,"Shellac,",,,GMP,gmp,3,166
122,Carmoisine,,,100 mg/kg,numeric,,166
143,Fast green,,,100 mg/kg,numeric,,166
955,Sucralose,,,800 mg/kg,numeric,,166
110,Sunset yellow,,,100 mg/kg,numeric,,166
,BENZOATES,,,"1,500 mg/kg",numeric,,166
475,"Polyglycerol
esters of fatty
acid",,,"2,000 mg/kg",numeric,,166
476,Polyglycerol,,,"5,000 mg/kg",numeric,101,167
,SORBITA,,,"10,000 mg/kg",numeric,101,167
,Saffron,,,GMP,gmp,,167
334,L - Tartaric,,,3 g/kg,numeric,,167
1503,Castor Oil,,,350 mg/kg,numeric,,167
,TOCOPHER,,,750 mg/kg,numeric,"15,168",167
950,Acesulfame,5.1.4,"Imitation
Chocolate,
Chocolate
substitute
products Imitation",500 mg/kg,numeric,188,167
442,Ammonium,5.1.4,"Imitation
Chocolate,
Chocolate
substitute
products Imitation",GMP,gmp,,167
951,Aspartame,5.1.4,"Imitation
Chocolate,
Chocolate
substitute
products Imitation","3,000 mg/kg",numeric,,167
962,Aspartame-,5.1.4,"Imitation
Chocolate,
Chocolate
substitute
products Imitation",500 mg/kg,numeric,191,167
,BENZOATES,5.1.4,"Imitation
Chocolate,
Chocolate
substitute
products Imitation","1,500 mg/kg",numeric,13,167
321,Butylated,5.1.4,"Imitation
Chocolate,
Chocolate
substitute
products Imitation",200 mg/kg,numeric,"141, 15,
197",167
901,Beeswax,5.1.4,"Imitation
Chocolate,
Chocolate
substitute
products Imitation",GMP,gmp,3,167
902,Candelilla wax,5.1.4,"Imitation
Chocolate,
Chocolate
substitute
products Imitation",GMP,gmp,3,167
903,Carnauba wax,5.1.4,"Imitation
Chocolate,
Chocolate
substitute
products Imitation",GMP,gmp,3,167
,HYDROXYB,5.1.4,"Imitation
Chocolate,
Chocolate
substitute
products Imitation",300 mg/kg,numeric,,167
961,Neotame,5.1.4,"Imitation
Chocolate,
Chocolate
substitute
products Imitation",100 mg/kg,numeric,,167
,PHOSPHAT,,,"2,200 mg/kg",numeric,33,168
,"POLYSORB
ATES",,,"5,000 mg/kg",numeric,,168
,SACCHARIN,,,500 mg/kg,numeric,,168
,SORBATES,,,"1,500 mg/kg",numeric,,168
904,"Shellac,",,,GMP,gmp,,168
955,Sucralose,,,800 mg/kg,numeric,,168
,TOCOPHER,,,750 mg/kg,numeric,,168
334,Tartaric acid,,,5 g/kg,numeric,,168
,CHLOROPH,,,700 mg/kg,numeric,,168
,CAROTENO,,,100 mg/kg,numeric,,168
,beta –,,,100 mg/kg,numeric,,168
161g,Canthaxanthin,,,100 mg/kg,numeric,,168
220,Sulfur dioxide,,,150 mg/kg,numeric,,168
491,Sorbitan,,,10 g/kg,numeric,,168
,Annatto,,Annatto,100 mg/kg,numeric,,168
476,Polyglycerol,,Annatto,"5,000 mg/kg",numeric,366,168
150c,Caramel III,,Annatto,"50,000 mg/kg",numeric,,168
150d,Caramel IV,,Annatto,"50,000 mg/kg",numeric,,168
,Saffron,,,GMP,gmp,,169
900a,Polydimethy,,,10 mg/kg,numeric,,169
475,Polyglycerol,,,"2,000 mg/kg",numeric,366,169
474,Sucroglyceride,,,"6,000 mg/kg",numeric,348,169
473a,Sucrose,,,"6,000 mg/kg",numeric,348,169
473,Sucrose esters,,,"6,000 mg/kg",numeric,348,169
,TARTRATES,,,"5,000 mg/kg",numeric,45,169
,TOCOPHER,,,500 mg/kg,numeric,15,169
,SORBITAN,,,"10,000 mg/kg",numeric,,169
129,Allura red AC,5.2,"Confectionery
including hard
and soft candy,
nougats etc.
other than food
categories 5.1,
5.3, and 5.4",200 mg/kg,numeric,,169
320,"Butylated
hydroxyanisol
e (BHA)",5.2,"Confectionery
including hard
and soft candy,
nougats etc.
other than food
categories 5.1,
5.3, and 5.4",200 mg/kg,numeric,"130, 15",169
321,Butylated,5.2,"Confectionery
including hard
and soft candy,
nougats etc.
other than food
categories 5.1,
5.3, and 5.4",200 mg/kg,numeric,"130, 15",169
,IRON,5.2,"Confectionery
including hard
and soft candy,
nougats etc.
other than food
categories 5.1,
5.3, and 5.4",200 mg/kg,numeric,,169
474,Sucroglyceride,5.2,"Confectionery
including hard
and soft candy,
nougats etc.
other than food
categories 5.1,
5.3, and 5.4","5,000 mg/kg",numeric,,169
477,"Propylene
glycol esters of",5.2,"Confectionery
including hard
and soft candy,
nougats etc.
other than food
categories 5.1,
5.3, and 5.4","5,000 mg/kg",numeric,,169
310,Propyl gallate,,,200 mg/kg,numeric,"15, 130",170
,BENZOATES,,,"1,500 mg/kg",numeric,13,170
472e,"Diacetyltartari
c and fatty acid
esters of
glycerol",,,GMP,gmp,,170
,"CAROTENO
IDS",,,GMP,gmp,,170
,"beta –
Carotenes,vege
table",,,500 mg/kg,numeric,,170
161g,Canthaxanthin,,,GMP,gmp,,170
1503,Castor oil,,,500 mg/kg,numeric,,170
902,Candelilla wax,,,GMP,gmp,3,170
,"CHLOROPH
YLLS AND
CHLOROPH
YLLINS,
COPPER
COMPLEXE
S",,,GMP,gmp,,170
102,Tartrazine,,,100 mg/kg,numeric,,170
127,Erythrosine,,,50 mg/kg,numeric,,170
143,"Fast green
FCF",,,100 mg/kg,numeric,,170
100,Curcumin,,,GMP,gmp,,170
150c,Caramel III -,,,"50,000 mg/kg",numeric,,170
150d,Caramel IV -,,,"50,000 mg/kg",numeric,,170
961,Neotame,,Neotame,330 mg/kg,numeric,"1, 61,
158",170
,"HYDROXYB
ENZOATES ,
PARA-",,,"1,000 mg/kg",numeric,27,171
334,L-Tartaric acid,,,"2,000 mg/kg",numeric,,171
,Tocopherol,,,500 mg/kg,numeric,,171
905e,Liquid,,,GMP,gmp,,171
470(i),"Calcium,",,,GMP,gmp,,171
442,Ammonium,,,GMP,gmp,,171
124,Ponceau 4R,,,100 mg/kg,numeric,,171
,Microcrystalli,,,GMP,gmp,3,171
901,Beeswax,,,GMP,gmp,3,171
,RIBOFLAVI,,,300 mg/kg,numeric,,171
122,Carmoisine,,,100 mg/kg,numeric,,171
,PHOSPHAT,,,"2,200 mg/kg",numeric,33,171
,SACCHARIN,,,500 mg/kg,numeric,163,171
955,Sucralose,,,"1,800 mg/kg",numeric,,171
960,Steviol,,,700 mg/kg,numeric,"26, 199",171
220,Sulfur dioxide,,,"2,000 mg/kg",numeric,,171
319,Tertiary,,,200 mg/kg,numeric,"15, 130",172
,SORBATES,,,"1,500 mg/kg",numeric,42,172
,"POLYSORB
ATES",,,"1,000 mg/kg",numeric,,172
,Annatto,,,200 mg/kg,numeric,,172
133,"Brilliant blue
FCF",,,100 mg/kg,numeric,,172
110,"Sunset yellow
FCF",,,100 mg/kg,numeric,,172
132,"Indogotine
(Indigo
carmine)",,,100 mg/kg,numeric,,172
905d,"Mineral oil,
high viscosity",,,"2,000 mg/kg",numeric,3,172
904,"Shellac,
bleached",,,GMP,gmp,3,172
473a,"Sucrose
Oligoesters,
Type-I and
Type -II",,,"5,000 mg/kg",numeric,348,172
473,"Sucrose esters
of fatty acid",,,"5,000 mg/kg",numeric,348,172
475,"Polyglycerol
esters of fatty
acid",,,"2,000 mg/kg",numeric,367,172
,TARTRATES,,,"2,000 mg/kg",numeric,45,172
262(ii),"Sodium di
acetate",,,"1,000 mg/kg",numeric,,172
,"STEROYL
LACTILATE
S",,,"5,000 mg/kg",numeric,,172
950,"Acesulfame
potassium",5.2.1,Hard candy,"3,500 mg/kg",numeric,188,173
903,Carnauba wax,5.2.1,Hard candy,GMP,gmp,13,173
951,Aspartame,5.2.1,Hard candy,"10,000 mg/kg",numeric,,173
472e,"Diacetyltartari
c and fatty acid
esters of
glycerol",5.2.1,Hard candy,"10,000 mg/kg",numeric,,173
,"CHLOROPH
YLLS AND
CHLOROPH
YLLINS,
COPPER
COMPLEXE
S",5.2.1,Hard candy,700 mg/kg,numeric,,173
,"Microcrystalli
ne wax",5.2.1,Hard candy,GMP,gmp,3,173
961,Neotame,5.2.1,Hard candy,330 mg/kg,numeric,,173
955,"Sucralose
(Trichlorogala
ctosucrose)",5.2.1,Hard candy,"1,500 mg/kg",numeric,164,173
,Annatto,5.2.1,Hard candy,GMP,gmp,,173
471,"Mono and di
glycerides of
edible fatty
acids",5.2.1,Hard candy,GMP,gmp,,173
322(i),Lecithins,5.2.1,Hard candy,GMP,gmp,,173
334,L-Tartaric acid,5.2.1,Hard candy,GMP,gmp,,173
476,"Polyglycerol
esters of
interesterified
ricinoleic acid",5.2.1,Hard candy,"3,000 mg/kg",numeric,,173
,"TOCOPHER
OLS",5.2.1,Hard candy,500 mg/kg,numeric,15,173
,"SORBITAN
ESTERS OF",5.2.1,Hard candy,"10,000 mg/kg",numeric,,173
950,Acesulfame,5.2.2,Soft candy,3500 mg/kg,numeric,"157,
188",174
,Annatto,5.2.2,Annatto,GMP,gmp,,174
951,Aspartame,5.2.2,Annatto,"3,000 mg/kg",numeric,148,174
903,Carnauba wax,5.2.2,Annatto,GMP,gmp,3,174
220,Sulfur dioxide,5.2.2,Annatto,"2,000 mg/kg",numeric,,174
163(ii),Grape skin,5.2.2,Annatto,"1,700 mg/kg",numeric,181,174
904,"Shellac,",5.2.2,Annatto,GMP,gmp,3,174
476,Polyglycer,5.2.2,Annatto,"3,000 mg/kg",numeric,,174
1520,Propylene,5.2.2,Annatto,"4,500 mg/kg",numeric,,174
,SORBITAN,5.2.2,Annatto,"10,000 mg/kg",numeric,,174
907,Hydrogenated,5.2.2,Annatto,"2,000 mg/kg",numeric,,174
473,Sucrose esters,5.2.2,Annatto,"5,000 mg/kg",numeric,348,174
950,"Acesulfame
potassium",5.2.3,"Nougats and
marzipans",1000 mg/kg,numeric,,174
951,Aspartame,5.2.3,"Nougats and
marzipans","3,000 mg/kg",numeric,,174
133,"Brilliant blue
FCF",5.2.3,"Nougats and
marzipans",200 mg/kg,numeric,,174
132,"Indigotine
(indigocarmine
)",5.2.3,"Nougats and
marzipans",200 mg/kg,numeric,,174
143,"Fast green
FCF",5.2.3,"Nougats and
marzipans",200 mg/kg,numeric,,174
,"CAROTENO
IDS",,,100 mg/kg,numeric,,175
472e,"Diacetyltartari
c and fatty acid
esters of
glycerol",,,"10,000 mg/kg",numeric,,175
,CHLOROPH,,,100 mg/kg,numeric,,175
124,Ponceau 4R,,,200 mg/kg,numeric,,175
903,Carnauba wax,,,GMP,gmp,,175
122,Carmoisine,5.3,Chewing gum,100 mg/kg,numeric,,175
102,Tartrazine,5.3,Chewing gum,100 mg/kg,numeric,,175
950,"Acesulfame
potassium",5.3,Chewing gum,"5,000 mg/kg",numeric,,175
,Annatto,5.3,Chewing gum,GMP,gmp,,175
100,Curcumin,5.3,Chewing gum,GMP,gmp,,175
951,Aspartame,5.3,Chewing gum,"10,000 mg/kg",numeric,,175
,BENZOATES,5.3,Chewing gum,"1,500 mg/kg",numeric,,175
556,"Calcium
aluminium
silicate",5.3,Chewing gum,100 mg/kg,numeric,,175
1503,Castor Oil,5.3,Chewing gum,"2,100 mg/kg",numeric,,175
901,Beeswax,5.3,Chewing gum,GMP,gmp,,175
133,"Brilliant blue
FCF",5.3,Chewing gum,100 mg/kg,numeric,,175
,"CAROTENO
IDS",5.3,Chewing gum,100 mg/kg,numeric,,175
,IRON,5.3,Chewing gum,"10,000 mg/kg",numeric,,175
320,"Butylated
hydroxyanisol
e (BHA)",,,400 mg/kg,numeric,130,176
321,"Butylated
hydroxytoluen
e (BHT)",,,400 mg/kg,numeric,130,176
,Lecithins,,,GMP,gmp,,176
163(ii),"Grape skin
extract",,,500 mg/kg,numeric,181,176
442,"Ammonium
salts of
phosphatidic
acids",,,GMP,gmp,,176
473,"Sucrose esters
of fatty acids",,,GMP,gmp,,176
476,"Polyglycerol
polyricinoleate",,,GMP,gmp,,176
334,L-Tartaric acid,,,"3,000 mg/kg",numeric,,176
902,Candelilla wax,,,GMP,gmp,,176
150c,"Caramel III -
ammonia
caramel",,,"20,000 mg/kg",numeric,,176
150d,"Caramel IV -
sulfite
ammonia
caramel",,,"20,000 mg/kg",numeric,,176
903,Carnauba wax,,,GMP,gmp,,176
,"beta –
Carotenes,
vegetable",,,500 mg/kg,numeric,,176
459,"Cyclodextrin,
beta-",,,"20,000 mg/kg",numeric,,176
472e,"Diacetyltartari
c and fatty acid
esters of
glycerol",,,"50,000 mg/kg",numeric,,177
127,Erythrosine,,,25 mg/kg,numeric,,177
143,"Fast green
FCF",,,200 mg/kg,numeric,,177
314,Guaiac resin,,,"1,500 mg/kg",numeric,,177
,"HYDROXYB
ENZOATES,
PARA-",,,"1,500 mg/kg",numeric,,177
,"RIBOFLAVI
NS",,,"1,000 mg/kg",numeric,,177
132,"Indigotine
(Indigo
carmine)",,,100 mg/kg,numeric,,177
243,"Lauric arginate
ethyl ester",,,225 mg/kg,numeric,,177
,"Microcrystalli
ne wax",,,"20,000 mg/kg",numeric,3,177
,"CHLOROPH
YLLS AND
CHLOROPH
YLLINS,
COPPER
COMPLEXE
S",,,GMP,gmp,,177
961,Neotame,,,"1,000 mg/kg",numeric,,177
,"PHOSPHAT
ES",,,"44,000 mg/kg",numeric,33,177
,POLYSORB,,,"5,000 mg/kg",numeric,,177
1521,"Polyethylene
glycol",,,"20,000 mg/kg",numeric,,177
1201,"Polyvinylpyrro
lidone",,,"10,000 mg/kg",numeric,,177
124,Ponceau 4R,,,100 mg/kg,numeric,,177
474,"Sucroglyceride
s",,,"20,000 mg/kg",numeric,,178
477,"Propylene
glycol esters of
fatty acids",,,"20,000 mg/kg",numeric,,178
554,"Sodium
aluminosilicate",,,100 mg/kg,numeric,,178
559,"Aluminium
silicate",,,100 mg/kg,numeric,,178
,"SACCHARIN
S",,,"2,500 mg/kg",numeric,,178
,SORBATES,,,"1,500 mg/kg",numeric,42,178
161g,Canthaxanthin,,,GMP,gmp,,178
904,"Shellac,
bleached",,,GMP,gmp,,178
484,Stearoyl citrate,,,"15,000 mg/kg",numeric,,178
960,"Steviol
glycosides",,,"3,500 mg/kg",numeric,26,178
955,"Sucralose
(Trichlorogala
ctosucrose)",,,"5,000 mg/kg",numeric,,178
310,Propyl gallate,,,"1,000 mg/kg",numeric,,178
110,"Sunset yellow
FCF",,,100 mg/kg,numeric,,178
,"TOCOPHER
OLS",,,"1,500 mg/kg",numeric,,178
319,"Tertiary
butylhydroqui
none (TBHQ)",,,400 mg/kg,numeric,130,178
905d,"Mineral oil,
high viscosity",,,"20,000 mg/kg",numeric,3,178
950,"Acesulfame
potassium",5.4,"Decorations
(e.g. for fine
bakery wares),
toppings (non-
fruit) and",500 mg/kg,numeric,,178
951,Aspartame,5.4,"Decorations
(e.g. for fine
bakery wares),
toppings (non-
fruit) and","1,000 mg/kg",numeric,,178
,BENZOATES,5.4,"Decorations
(e.g. for fine
bakery wares),
toppings (non-
fruit) and","1,500 mg/kg",numeric,,178
901,Beeswax,,sweet sauces,GMP,gmp,,179
133,Brilliant blue,,sweet sauces,100 mg/kg,numeric,,179
320,Butylated,,sweet sauces,200 mg/kg,numeric,"130, 15",179
321,Butylated,,sweet sauces,200 mg/kg,numeric,"130, 15",179
,CAROTENO,,sweet sauces,100 mg/kg,numeric,,179
,CHLOROPH,,sweet sauces,100 mg/kg,numeric,,179
902,Candelilla wax,,sweet sauces,GMP,gmp,,179
150c,Caramel III -,,sweet sauces,"50,000 mg/kg",numeric,,179
150d,Caramel IV -,,sweet sauces,"50,000 mg/kg",numeric,,179
903,Carnauba wax,,sweet sauces,GMP,gmp,,179
,beta-,,sweet sauces,"20,000 mg/kg",numeric,,179
472e,Diacetyltartari,,sweet sauces,"10,000 mg/kg",numeric,,179
127,Erythrosine,,sweet sauces,50 mg/kg,numeric,,179
143,Fast green,,sweet sauces,100 mg/kg,numeric,,179
,HYDROXYB,,,300 mg/kg,numeric,,180
132,Indigotine,,,100 mg/kg,numeric,,180
310,Propyl gallate,,,"1,000 mg/kg",numeric,,180
,SORBATES-,,,"1,000 mg/kg",numeric,,180
961,Neotame,,,100 mg/kg,numeric,,180
,"PHOSPHAT
ES",,,"1,500 mg/kg",numeric,33,180
,"POLYSORB
ATES",,,"3,000 mg/kg",numeric,,180
124,Ponceau 4R,,,50 mg/kg,numeric,,180
477,Propylene,,,"40,000 mg/kg",numeric,,180
,RIBOFLAVI,,,"3,000 mg/kg",numeric,,180
,SACCHARIN,,,500 mg/kg,numeric,,180
904,"Shellac,
bleached",,,GMP,gmp,,180
955,"Sucralose
(Trichlorogala
ctosucrose)",,,"1,000 mg/kg",numeric,,180
110,"Sunset yellow
FCF",,,100 mg/kg,numeric,,180
319,"Tertiary
butylhydroqui
none (TBHQ)",,,200 mg/kg,numeric,,180
905d,"Mineral oil,
high viscosity",,,2000 mg/kg,numeric,3,180
129,Allura Red,,,100 mg/kg,numeric,,180
163(ii),"Grape skin
extract",,,500 mg/kg,numeric,181,181
905e,"Mineral oil,
medium
viscosity",,,"2,000 mg/kg",numeric,,181
475,"Poly glycerol
esters of fatty
acid",,,"2,000 mg/kg",numeric,368,181
476,"Polyglycerol
esters of
interesterified
ricinoleic acid",,,"5,000 mg/kg",numeric,,181
405,"Propylene
glycol alginate",,,"5,000 mg/kg",numeric,,181
,"SORBITAN
ESTERS OF
FATTY
ACIDS",,,"10,000 mg/kg",numeric,,181
,"STEAROYL
LACTYLAT
ES",,,"2,000 mg/kg",numeric,,181
474,"Sucroglyceride
s",,,"5,000 mg/kg",numeric,348,181
473a,"Sucrose
oligoesters,
Type I and
Type II",,,"5,000 mg/kg",numeric,348,181
473,"Sucrose esters
of fatty acids",,,"5,000 mg/kg",numeric,348,181
,TARTRATES,,,"8,000 mg/kg",numeric,45,181
,Protease,,"6.2.1
and
6.2.2 Flours and
starches* Flours and",GMP,gmp,,183
1204,Pullulan,,"6.2.1
and
6.2.2 Flours and
starches* Flours and",GMP,gmp,25,183
,SULFITES,,"6.2.1
and
6.2.2 Flours and
starches* Flours and",200 mg/kg,numeric,44,183
928,Benzoyl,,"6.2.1
and
6.2.2 Flours and
starches* Flours and",75 mg/kg,numeric,,183
925,Chlorine,,"6.2.1
and
6.2.2 Flours and
starches* Flours and","2,500 mg/kg",numeric,87,183
300,L-Ascorbic,,"6.2.1
and
6.2.2 Flours and
starches* Flours and",300 mg/kg,numeric,,183
927a,Azodicarbona,,"6.2.1
and
6.2.2 Flours and
starches* Flours and",45 mg/kg,numeric,,183
,PHOSPHATE,,"6.2.1
and
6.2.2 Flours and
starches* Flours and","2,500 mg/kg",numeric,"225, 33",183
301,Sodium,,"6.2.1
and
6.2.2 Flours and
starches* Flours and",300 mg/kg,numeric,,183
,SODIUM,,"6.2.1
and
6.2.2 Flours and
starches* Flours and","1,600 mg/kg",numeric,"6, 252",183
1100(i),alpha-Amylase,,"6.2.1
and
6.2.2 Flours and
starches* Flours and",100 mg/kg,numeric,,183
1100(iii),alpha-Amylase,,,GMP,gmp,,184
1100(vi),Carbohydrase,,,GMP,gmp,,184
472e,Diacetyltartaric,,,"3,000 mg/kg",numeric,186,184
,Lecithins,,Lecithins,GMP,gmp,"28, 25",184
1100,Amylases and,,Lecithins,GMP,gmp,,184
923,Ammonium,,"Ammonium
persulfate","2,500 mg/kg",numeric,,184
170(i),"Calcium
carbonate",,"Ammonium
persulfate","5,000 mg/kg",numeric,,184
510,"Ammonium
chloride",,"Ammonium
persulfate",500 mg/kg,numeric,,184
920,L-cysteine,,"Ammonium
persulfate",90 mg/kg,numeric,,184
222,Soduim,,"Ammonium
persulfate",GMP,gmp,,184
223,Sodium,,,GMP,gmp,,185
,331(iii,,Trisodium,GMP,gmp,,185
928,Benzoyl,,Trisodium,40 mg/kg,numeric,,185
300,Ascorbic acid,,Trisodium,200 mg/kg,numeric,,185
,SULFITES,,Trisodium,100 mg/kg,numeric,44,185
,ASCORBYL,6.3,"Ready -to -eat
cereals,
breakfast
cereals,
including
rolled oats Ready -to -eat",200 mg/kg,numeric,10,185
950,Acesulfame,6.3,breakfast,"1,200 mg/kg",numeric,188,185
129,Allura red AC,6.3,including,100 mg/kg,numeric,,185
951,Aspartame,6.3,rolled oats,"1,000 mg/kg",numeric,191,185
100,Curcumin,6.3,rolled oats,GMP,gmp,,185
,Paprika,6.3,rolled oats,GMP,gmp,,185
133,Brilliant blue,6.3,rolled oats,100 mg/kg,numeric,,185
320,Butylated,6.3,rolled oats,200 mg/kg,numeric,"196, 15",185
321,Butylated,6.3,rolled oats,100 mg/kg,numeric,"196, 15",185
,CAROTENOI,,,200 mg/kg,numeric,,186
150c,Caramel III -,,,"50,000 mg/kg",numeric,189,186
150d,Caramel IV -,,,"2,500 mg/kg",numeric,,186
,"beta-Carotenes,",,,400 mg/kg,numeric,,186
163(ii),Grape skin,,,200 mg/kg,numeric,,186
,IRON,,,75 mg/kg,numeric,,186
961,Neotame,,,160 mg/kg,numeric,,186
310,Propyl gallate,,,200 mg/kg,numeric,196,186
,PHOSPHATE,,,"2,200 mg/kg",numeric,33,186
,RIBOFLAVI,,,300 mg/kg,numeric,,186
,SACCHARIN,,,100 mg/kg,numeric,,186
960,Steviol,,,350 mg/kg,numeric,26,186
955,"Sucralose
(Trichlorogalac
tosucrose)",,,"1,000 mg/kg",numeric,,186
110,"Sunset yellow
FCF",,,100 mg/kg,numeric,,186
,TOCOPHE,,,200 mg/kg,numeric,,186
406,Agar,6.4.1,"Fresh pastas
and noodles
and like
products Fresh pastas",GMP,gmp,211,187
400,Alginic acid,6.4.1,and noodles,GMP,gmp,211,187
523,Aluminium,6.4.1,and like,300 mg/kg,numeric,"247,6",187
300,Ascorbic acid,6.4.1,and like,200 mg/kg,numeric,,187
170(i),Calcium,6.4.1,and like,GMP,gmp,,187
290,Carbon dioxide,6.4.1,and like,GMP,gmp,"211,59",187
410,Carob bean,6.4.1,and like,GMP,gmp,211,187
407,Carrageenan,6.4.1,and like,GMP,gmp,211,187
330,Citric acid,6.4.1,and like,GMP,gmp,,187
424,Curdlan,6.4.1,and like,GMP,gmp,211,187
1412,Distarch,6.4.1,and like,GMP,gmp,211,187
297,Fumaric acid,6.4.1,and like,700 mg/kg,numeric,,187
418,Gellan gum,6.4.1,and like,GMP,gmp,211,187
575,Glucono delta-,6.4.1,and like,GMP,gmp,,187
422,Glycerol,6.4.1,and like,GMP,gmp,211,187
412,Guargum,6.4.1,and like,GMP,gmp,211,187
414,Gumarabic,6.4.1,and like,GMP,gmp,211,187
416,Karaya gum,6.4.1,and like,GMP,gmp,211,187
425,Konjac flour,6.4.1,and like,GMP,gmp,211,187
270,"Lactic acid L-,",6.4.1,and like,GMP,gmp,,187
,Lecithins,,,GMP,gmp,,188
460(i),Microcrystallin,,,GMP,gmp,211,188
471,Mono- and di-,,,GMP,gmp,,188
440,Pectins,,,GMP,gmp,211,188
1413,Phosphated,,,GMP,gmp,211,188
,PHOSPHATE,,,"2,500 mg/kg",numeric,"211,33",188
501(i),Potassium,,,"11,000 mg/kg",numeric,,188
407a,Processed,,,GMP,gmp,211,188
1204,Pullulan,,,GMP,gmp,211,188
262(i),Sodium acetate,,,600 mg/kg,numeric,,188
401,Sodium,,,GMP,gmp,211,188
301,Sodium,,,GMP,gmp,,188
500(i),Sodium,,,"10,000 mg/kg",numeric,,188
466,Carboxymethyl,,,GMP,gmp,,188
350(ii),Sodium DL-,,,GMP,gmp,,188
500(ii),Sodium,,Sodium,GMP,gmp,,188
325,Sodium lactate,,,GMP,gmp,,189
413,Tragacanth,,,GMP,gmp,211,189
415,Xanthan gum,,,GMP,gmp,211,189
161g,Canthaxanthin,6.4.2,"Dried pastas
and noodles
and like
products",15 mg/kg,numeric,211,189
150d,Caramel IV -,6.4.2,"Dried pastas
and noodles
and like
products","50,000 mg/kg",numeric,211,189
472e,Diacetyl,6.4.2,"Dried pastas
and noodles
and like
products","5,000 mg/kg",numeric,,189
,PHOSPHATE,6.4.2,"Dried pastas
and noodles
and like
products",900 mg/kg,numeric,"211,33",189
406,Agar,6.4.2,"Dried pastas
and noodles
and like
products",GMP,gmp,256,189
400,Alginic acid,6.4.2,"Dried pastas
and noodles
and like
products",GMP,gmp,256,189
403,Ammonium,6.4.2,"Dried pastas
and noodles
and like
products",GMP,gmp,256,189
300,"Ascorbic acid,",6.4.2,"Dried pastas
and noodles
and like
products",GMP,gmp,256,189
634,Calcium 5'-,6.4.2,"Dried pastas
and noodles
and like
products",GMP,gmp,256,189
404,Calcium,6.4.2,"Dried pastas
and noodles
and like
products",GMP,gmp,256,189
302,Calcium,6.4.2,"Dried pastas
and noodles
and like
products",200 mg/kg,numeric,256,189
170(i),Calcium,6.4.2,"Dried pastas
and noodles
and like
products",GMP,gmp,256,189
516,Calcium sulfate,,,GMP,gmp,256,190
410,Carob bean,,,GMP,gmp,256,190
160a(ii),beta –,,,"1,000 mg/kg",numeric,211,190
407,Carrageenan,,,GMP,gmp,256,190
330,Citric acid,,,GMP,gmp,256,190
627,Disodium 5'-,,,GMP,gmp,256,190
631,Disodium 5'-,,,GMP,gmp,256,190
635,Disodium 5'-,,,GMP,gmp,256,190
1412,Distarch,,,GMP,gmp,256,190
297,Fumaric acid,,,GMP,gmp,256,190
418,Gellan gum,,,GMP,gmp,256,190
412,Guar gum,,,GMP,gmp,256,190
414,Gum arabic,,,GMP,gmp,256,190
416,Karaya gum,,,GMP,gmp,256,190
425,Konjac flour,,,GMP,gmp,256,190
270,"Lactic acid L-,",,,GMP,gmp,256,190
322(i),Lecithins,,,GMP,gmp,256,190
296,Malic acid,,,GMP,gmp,256,190
421,Mannitol,,,GMP,gmp,256,190
460(i),Microcrystallin,,,GMP,gmp,256,190
471,Mono- and di-,,,GMP,gmp,256,191
621,Monosodium,,,GMP,gmp,256,191
942,Nitrous oxide,,,GMP,gmp,256,191
440,Pectins,,,GMP,gmp,256,191
1413,Phosphated,,,GMP,gmp,256,191
,POLYSORBA,,,"5,000 mg/kg",numeric,,191
402,Potassium,,,GMP,gmp,256,191
501(i),Potassium,,,GMP,gmp,256,191
508,Potassium,,,GMP,gmp,256,191
407a,Processed,,,GMP,gmp,256,191
1204,Pullulan,,,GMP,gmp,256,191
470(i),Salts of,,,GMP,gmp,256,191
262(i),Sodium acetate,,,GMP,gmp,256,191
401,Sodium,,,GMP,gmp,256,192
301,Sodium,,,200 mg/kg,numeric,256,192
500(i),Sodium,,,GMP,gmp,256,192
466,Carboxymethyl,,,GMP,gmp,256,192
576,Sodium,,,GMP,gmp,256,192
500(ii),Sodium,,,GMP,gmp,256,192
325,Sodium lactate,,,GMP,gmp,256,192
417,Tara gum,,,GMP,gmp,256,192
413,Tragacanth,,,GMP,gmp,256,192
415,Xanthan gum,,,GMP,gmp,256,192
,ASCORBYL,6.4.3,"Pre-cooked
pastas and
noodles and
like products",500 mg/kg,numeric,"211, 10",192
,BENZOATES,6.4.3,"Pre-cooked
pastas and
noodles and
like products","1,000 mg/kg",numeric,13,192
320,Butylated,6.4.3,"Pre-cooked
pastas and
noodles and
like products",200 mg/kg,numeric,"130, 15",192
321,Butylated,6.4.3,"Pre-cooked
pastas and
noodles and
like products",200 mg/kg,numeric,"130, 15",192
,CAROTENOI,6.4.3,"Pre-cooked
pastas and
noodles and
like products","1,200 mg/kg",numeric,153,192
,CHLOROPH,,,100 mg/kg,numeric,153,193
161g,Canthaxanthin,,,15 mg/kg,numeric,153,193
150c,Caramel III -,,,"50,000 mg/kg",numeric,"153,173",193
150d,Caramel IV-,,,"50,000 mg/kg",numeric,153,193
,beta –,,,"1,000 mg/kg",numeric,153,193
459,"Cyclodextrin,",,,"1,000 mg/kg",numeric,153,193
472e,Diacetyl,,,"10,000 mg/kg",numeric,,193
143,Fast green FCF,,,100 mg/kg,numeric,194,193
,PHOSPHATE,,,"2,500 mg/kg",numeric,"33,211",193
,POLYSORBA,,,"5,000 mg/kg",numeric,,193
900a,Polydimethylsil,,,50 mg/kg,numeric,153,193
310,Propyl gallate,,,200 mg/kg,numeric,,194
477,Propylene,,,"5,000 mg/kg",numeric,"153,2",194
,RIBOFLAVI,,,300 mg/kg,numeric,153,194
,SORBATES,,,"2,000 mg/kg",numeric,"42,211",194
,SULFITES,,,20 mg/kg,numeric,44,194
110,Sunset yellow,,,100 mg/kg,numeric,153,194
319,Tertiary,,,200 mg/kg,numeric,"130,15",194
,Paprika,,,GMP,gmp,,194
,Annatto,,Annatto,GMP,gmp,,194
334,Tartaric acid,,Annatto,GMP,gmp,,194
,ASCORBYL,6.5,"Cereals/pulses
and starch
based desserts",500 mg/kg,numeric,"10, 2",194
950,Acesulfame,6.5,"Cereals/pulses
and starch
based desserts",350 mg/kg,numeric,188,194
129,Allura red AC,6.5,"Cereals/pulses
and starch
based desserts",100 mg/kg,numeric,,194
951,Aspartame,6.5,"Cereals/pulses
and starch
based desserts",200 mg/kg,numeric,191,194
,BENZOATES,6.5,"Cereals/pulses
and starch
based desserts","1,000 mg/kg",numeric,13,194
,CAROTENOI,6.5,"Cereals/pulses
and starch
based desserts",150 mg/kg,numeric,,194
,CHLOROPH,6.5,"Cereals/pulses
and starch
based desserts",75 mg/kg,numeric,,194
161g,Canthaxanthin,,,15 mg/kg,numeric,,195
150c,Caramel III -,,,"50,000 mg/kg",numeric,,195
150d,Caramel IV -,,,"2,500 mg/kg",numeric,,195
,"beta-Carotenes,",,,"1,000 mg/kg",numeric,,195
472e,Diacetyl,,,"5,000 mg/kg",numeric,,195
,ETHYLENE,,,315 mg/kg,numeric,21,195
163(ii),Grape skin,,,200 mg/kg,numeric,181,195
,IRON,,,75 mg/kg,numeric,,195
243,Lauric arginate,,,200 mg/kg,numeric,,195
961,Neotame,,,33 mg/kg,numeric,,195
234,Nisin,,,3 mg/kg,numeric,,195
,PHOSPHATE,,,"7,000 mg/kg",numeric,33,195
,POLYSORBA,,,"3,000 mg/kg",numeric,,196
310,Propyl gallate,,,90 mg/kg,numeric,"2, 15",196
477,Propylene,,,"40,000 mg/kg",numeric,,196
,RIBOFLAVI,,,300 mg/kg,numeric,,196
,SACCHARIN,,,100 mg/kg,numeric,,196
,SORBATES,,,"1,000 mg/kg",numeric,42,196
960,Steviol,,,165 mg/kg,numeric,26,196
955,Sucralose,,,400 mg/kg,numeric,,196
474,Sucroglyceride,,,"5,000 mg/kg",numeric,,196
307,Tocopherol,,,GMP,gmp,,196
319,TBHQ,,,200 mg/kg,numeric,,196
,Sodium,,,5 g/kg,numeric,,196
124,Ponceau 4R,,,100 mg/kg,numeric,,197
122,Carmoisine,,,100 mg/kg,numeric,,197
127,Erythrosine,,,50 mg/kg,numeric,,197
102,Tartrazine,,,100 mg/kg,numeric,,197
132,Indogotine,,,100 mg/kg,numeric,,197
133,Brilliant blue,,,100 mg/kg,numeric,,197
110,Sunset yellow,,,100 mg/kg,numeric,,197
143,Fast green FCF,,Fast green FCF,100 mg/kg,numeric,,197
320,Butylated,6.6,Batters,200 mg/kg,numeric,,197
,CAROTENOI,6.6,Batters,500 mg/kg,numeric,,197
150c,Caramel III -,6.6,Batters,"50,000 mg/kg",numeric,,197
150d,Caramel IV -,6.6,Batters,"2,500 mg/kg",numeric,,197
,"beta-Carotenes,",6.6,Batters,"1,000 mg/kg",numeric,,197
472e,Diacetyl,,,"5,000 mg/kg",numeric,,198
,PHOSPHATE,,,"5,600 mg/kg",numeric,33,198
,POLYSORBA,,,"5,000 mg/kg",numeric,2,198
900a,Polydimethylsil,,,10 mg/kg,numeric,,198
,RIBOFLAVI,,,300 mg/kg,numeric,,198
,SODIUM,,,"1,000 mg/kg",numeric,6,198
,SORBATES,,,"2,000 mg/kg",numeric,42,198
334,Tartaric acid,,,GMP,gmp,,198
150c,Caramel III -,6.7,"Pre-cooked or
processed
cereal/grain/le
gume products","50,000 mg/kg",numeric,,198
150d,Caramel IV -,6.7,"Pre-cooked or
processed
cereal/grain/le
gume products","2,500 mg/kg",numeric,,198
955,Sucralose,6.7,"Pre-cooked or
processed
cereal/grain/le
gume products",200 mg/kg,numeric,72,198
150c,Caramel III -,6.8.1,"Soybean based
beverages Soybean based","1,500 mg/kg",numeric,,199
,PHOSPHATE,6.8.1,"Soybean based
beverages Soybean based","1,300 mg/kg",numeric,33,199
,RIBOFLAVI,6.8.1,"Soybean based
beverages Soybean based",50 mg/kg,numeric,,199
960,Steviol,6.8.1,"Soybean based
beverages Soybean based",200 mg/kg,numeric,26,199
955,Sucralose,6.8.1,"Soybean based
beverages Soybean based",400 mg/kg,numeric,,199
,PHOSPHATE,6.8.3,Soybean curd,100 mg/kg,numeric,33,199
150c,"Caramel III
Ammonia
process",6.8.8,"Other soybean
protein
products Other soybean","20,000 mg/kg",numeric,,200
150d,"Caramel IV -
Sulfite
ammonia
Process",6.8.8,"Other soybean
protein
products Other soybean","20,000 mg/kg",numeric,,200
210,Benzoic acid,,,"1,000 mg/kg",numeric,13,201
320,Butylated,,,200 mg/kg,numeric,"180, 15",201
321,Butylated,,,200 mg/kg,numeric,"180, 15",201
903,Carnauba wax,,,GMP,gmp,3,201
143,Fast green FCF,,,100 mg/kg,numeric,,201
905d,"Mineral oil,",,,"3,000 mg/kg",numeric,125,201
477,Propylene,,,"15,000 mg/kg",numeric,"72, 11",201
,SORBATES,,,"1,000 mg/kg",numeric,42,201
950,"Acesulfame
potassium",7.1,"Bread and
ordinary
bakery wares
and mixes","1,000 mg/kg",numeric,188,201
951,Aspartame,7.1,"Bread and
ordinary
bakery wares
and mixes","4,000 mg/kg",numeric,191,201
923,"Ammonium
persulfate",7.1,"Bread and
ordinary
bakery wares
and mixes","2,500 mg/kg",numeric,,201
133,"Brilliant blue
FCF",7.1,"Bread and
ordinary
bakery wares
and mixes",100 mg/kg,numeric,,201
472e,"Diacetyltartaric
and fatty acid
esters of
glycerol",7.1,"Bread and
ordinary
bakery wares
and mixes","6,000 mg/kg",numeric,,201
961,Neotame,7.1,"Bread and
ordinary
bakery wares
and mixes",70 mg/kg,numeric,,201
955,"Sucralose
(Trichlorogalac
tosucrose)",,,650 mg/kg,numeric,,202
334,Tartaric acid,,,GMP,gmp,,202
473,"Sucrose esters
of
fatty acid",,,GMP,gmp,,202
,"Sodium
stearoyl-2-
lactylate",,,"5,000 mg/kg",numeric,,202
482(ii),"Calcium
stearoyl-2-
lactyalate",,,"5,000 mg/kg",numeric,,202
476,"Polyglycerol
esters of
interesterified
ricinoleic acid",,,"2,000 mg/kg",numeric,,202
341,"Acid calcium
phosphate",,,"10,000 mg/kg",numeric,,202
262(ii),"Sodium
diacetate",,,"4,000 mg/kg",numeric,,202
450(i),"Acid sodium
pyrophosphate",,,"5,000 mg/kg",numeric,,202
920,"L- Cysteine
monohydrochlo
ride",,,90 mg/kg,numeric,,202
100,Curcumin,,,GMP,gmp,,202
928,"Benzoyl
peroxide",,,80 mg/kg,numeric,,202
341,Acid calcium,,,"10,000 mg/kg",numeric,,202
905e,"Mineral oil,
medium
viscosity",7.1.1,"Bread and
rolls including
yeast leavened
breads,
specialty
breads and
soda breads","3,000 mg/kg",numeric,"36, 126",203
,Xylanase,7.1.1,"Bread and
rolls including
yeast leavened
breads,
specialty
breads and
soda breads",GMP,gmp,,203
,"POLYSORBA
TES",7.1.1,"Bread and
rolls including
yeast leavened
breads,
specialty
breads and
soda breads","3,000 mg/kg",numeric,,203
319,"Tertiary
butylhydroquin
one (TBHQ)",7.1.1,"Bread and
rolls including
yeast leavened
breads,
specialty
breads and
soda breads",200 mg/kg,numeric,"195, 15",203
,"PHOSPHATE
S",7.1.1,"Bread and
rolls including
yeast leavened
breads,
specialty
breads and
soda breads","9,300 mg/kg",numeric,"229,33",203
405,"Propylene
glycol alginate
[This amendmen",7.1.1,"Bread and
rolls including
yeast leavened
breads,
specialty
breads and
soda breads","4,000 mg/kg",numeric,,203
129,Allura red AC,7.1.2,Crackers,100 mg/kg,numeric,,203
523,"Aluminium
ammonium
sulfate",7.1.2,Crackers,100 mg/kg,numeric,"246, 6",203
,"CAROTENOI
DS",7.1.2,Crackers,"1,000 mg/kg",numeric,,203
150c,"Caramel III -
ammonia
caramel",7.1.2,Crackers,"50,000 mg/kg",numeric,,203
150d,"Caramel IV –
sulfite
ammonia
caramel",,,"50,000 mg/kg",numeric,,204
,"beta-Carotenes,
vegetable",,,"1,000 mg/kg",numeric,,204
163(ii),"Grape skin
extract",,,200 mg/kg,numeric,181,204
,"PHOSPHATE
S",,,"9,300 mg/kg",numeric,"229,33",204
,"POLYSORBA
TES",,,"5,000 mg/kg",numeric,11,204
,"SODIUM
ALUMINIUM
PHOSPHATE
S",,,100 mg/kg,numeric,"246, 6",204
319,"Tertiary
butylhydroquin
one (TBHQ)",,,200 mg/kg,numeric,"15, 195",204
,"SORBITAN
ESTERS OF
FATTY
ACIDS",,,"10,000 mg/kg",numeric,11,204
405,"Propylene
glycol alginate
[This amendme",,,"2,000 mg/kg",numeric,,204
129,Allura red AC,7.1.3,Other,100 mg/kg,numeric,,204
523,"Aluminium
ammonium
sulfate",,"ordinary
bakery
products",100 mg/kg,numeric,"6, 244,
246",205
,"CAROTENOI
DS",,"ordinary
bakery
products",100 mg/kg,numeric,,205
150c,"Caramel III -
ammonia
caramel",,"ordinary
bakery
products","50,000 mg/kg",numeric,,205
150d,"Caramel IV –
sulfite
ammonia
caramel",,"ordinary
bakery
products","50,000 mg/kg",numeric,,205
,"PHOSPHATE
S",,"ordinary
bakery
products","9,300 mg/kg",numeric,"229,33",205
,"POLYSORBA
TES",,"ordinary
bakery
products","3,000 mg/kg",numeric,11,205
310,Propyl gallate,,"ordinary
bakery
products",100 mg/kg,numeric,"15, 130",205
,"SODIUM
ALUMINIUM
PHOSPHATE
S",,"ordinary
bakery
products",100 mg/kg,numeric,"6, 244,
246",205
319,"Tertiary
butylhydroquin
one (TBHQ)",,"ordinary
bakery
products",200 mg/kg,numeric,"15, 130",205
,"SORBITAN
ESTERS OF
FATTY
ACIDS",,"ordinary
bakery
products","10,000 mg/kg",numeric,11,205
,"CAROTENOI
DS",7.1.4,"Bread-type
products,",200 mg/kg,numeric,116,205
,"CHLOROPH
YLLS AND
CHLOROPH
YLLINS,
COPPER
COMPLEXES",,"including
bread stuffing
and bread
crumbs",6 mg/kg,numeric,62,206
150c,"Caramel III -
ammonia
caramel",,"including
bread stuffing
and bread
crumbs","50,000 mg/kg",numeric,,206
,"beta-Carotenes,
vegetable",,"including
bread stuffing
and bread
crumbs","1,000 mg/kg",numeric,,206
163(ii),"Grape skin
extract",,"including
bread stuffing
and bread
crumbs",200 mg/kg,numeric,181,206
,"PHOSPHATE
S",,"including
bread stuffing
and bread
crumbs","9,300 mg/kg",numeric,"229,33",206
,"POLYSORBA
TES",,"including
bread stuffing
and bread
crumbs","3,000 mg/kg",numeric,11,206
475,"Poly glycerol
esters of fatty
acid",,"including
bread stuffing
and bread
crumbs","10,000 mg/kg",numeric,,206
319,"Tertiary
butylhydroquin
one (TBHQ)",,"including
bread stuffing
and bread
crumbs",200 mg/kg,numeric,"15, 195",206
,"SORBITAN
ESTERS OF
FATTY
ACIDS",,"including
bread stuffing
and bread
crumbs","10,000 mg/kg",numeric,11,206
523,"Aluminium
ammonium
sulfate",7.1.5,"Steamed
breads and
buns",40 mg/kg,numeric,"246, 6,
248",206
,"CAROTENOI
DS",,,100 mg/kg,numeric,216,207
150c,"Caramel III -
ammonia
caramel",,,"50,000 mg/kg",numeric,,207
,"PHOSPHATE
S",,,"9,300 mg/kg",numeric,"229,33",207
,"POLYSORBA
TES",,,"3,000 mg/kg",numeric,11,207
477,"Propylene
glycol esters of
fatty acids",,,"15,000 mg/kg",numeric,"11, 72",207
,"SODIUM
ALUMINIUM
PHOSPHATE
S",,,40 mg/kg,numeric,"246, 6,
248",207
,"SORBITAN
ESTERS OF
FATTY
ACIDS",,,"10,000 mg/kg",numeric,11,207
405,"Propylene
glycol alginate
[This amendme",,,500 mg/kg,numeric,,207
523,"Aluminium
ammonium
sulfate",7.1.6,"Mixes for
bread and
ordinary
bakery wares",40 mg/kg,numeric,"246,
6, 249",207
150c,"Caramel III -
ammonia",7.1.6,"Mixes for
bread and
ordinary
bakery wares","50,000 mg/kg",numeric,,207
,"PHOSPHATE
S",,,"9,300 mg/kg",numeric,"229,33",208
,"POLYSORBA
TES",,,"3,000 mg/kg",numeric,11,208
,"SODIUM
ALUMINIUM
PHOSPHATE
S",,,40 mg/kg,numeric,"248, 246,
6",208
,"SORBITAN
ESTERS OF
FATTY
ACIDS",,,"10,000 mg/kg",numeric,11,208
405,"Propylene
glycol alginate
[This amendme",,,"20,000 mg/kg",numeric,,208
,"STEAROY
L
LACTYLATE
S",7.2,"Fine bakery
wares (sweet,
salty, savoury)
and mixes","5,000 mg/kg",numeric,,208
,"SORBITAN
ESTERS OF
FATTY
ACIDS",7.2,"Fine bakery
wares (sweet,
salty, savoury)
and mixes","10,000 mg/kg",numeric,,208
234,Nisin,7.2,"Fine bakery
wares (sweet,
salty, savoury)
and mixes",6.25 mg/kg,numeric,233,208
,POLYOXYET,7.2,"Fine bakery
wares (sweet,
salty, savoury)
and mixes","3,000 mg/kg",numeric,,208
1520,"Propylene
glycol",,,"1,500 mg/kg",numeric,,209
473a,"Sucrose
oligoesters,
Type I and
Type II",,,"10,000 mg/kg",numeric,348,209
124,Ponceau 4R,,,50 mg/kg,numeric,,209
110,"Sunset yellow
FCF",,,50 mg/kg,numeric,,209
950,"Acesulfame
potassium",7.2.1,"Cakes,
cookies,
biscuit,
cracker and
pies","1,000 mg/kg",numeric,"165,188",209
129,Allura red AC,7.2.1,"Cakes,
cookies,
biscuit,
cracker and
pies",100 mg/kg,numeric,,209
951,Aspartame,7.2.1,"Cakes,
cookies,
biscuit,
cracker and
pies","1,700 mg/kg",numeric,"191,165",209
962,"Aspartame-
acesulfame salt",7.2.1,"Cakes,
cookies,
biscuit,
cracker and
pies","1,000 mg/kg",numeric,"77, 113",209
,BENZOATES,7.2.1,"Cakes,
cookies,
biscuit,
cracker and
pies","1,000 mg/kg",numeric,13,209
901,Beeswax,7.2.1,"Cakes,
cookies,
biscuit,
cracker and
pies",GMP,gmp,3,209
133,"Brilliant blue
FCF",7.2.1,"Cakes,
cookies,
biscuit,
cracker and
pies",100 mg/kg,numeric,,209
,"CAROTENOI
DS",7.2.1,"Cakes,
cookies,
biscuit,
cracker and
pies",100 mg/kg,numeric,,209
,"CHLOROPH
YLLS AND
CHLOROPH
YLLINS,
COPPER
COMPLEXES",7.2.1,"Cakes,
cookies,
biscuit,
cracker and
pies",75 mg/kg,numeric,,209
902,Candelilla wax,,,GMP,gmp,3,210
150c,"Caramel III -
ammonia
caramel",,,"50,000 mg/kg",numeric,,210
150d,"Caramel IV –
sulfite
ammonia
caramel",,,"1,200 mg/kg",numeric,,210
,"beta-Carotenes,
vegetable",,,"1,000 mg/kg",numeric,,210
472e,"Diacetyltartaric
and fatty acid
esters of
glycerol",,,"20,000 mg/kg",numeric,,210
,"HYDROXYB
ENZOATES,
PARA-",,,300 mg/kg,numeric,27,210
,"IRON
OXIDES",,,100 mg/kg,numeric,,210
132,"Indigotine
(Indigo
carmine)",,,100 mg/kg,numeric,,210
961,Neotame,,,80 mg/kg,numeric,165,210
,"PHOSPHATE
S",,,"9,300 mg/kg",numeric,"229,33",210
,"RIBOFLAVI
NS",,,300 mg/kg,numeric,,210
,"SACCHARIN
S",,,170 mg/kg,numeric,165,210
,SULFITES,,,50 mg/kg,numeric,44,211
904,"Shellac,
bleached",,,GMP,gmp,3,211
955,"Sucralose
(Trichlorogalac
tosucrose)",,,700 mg/kg,numeric,165,211
474,"Sucroglyceride
s",,,"10,000 mg/kg",numeric,,211
473,"Sucrose esters
of Fatty acids",,,GMP,gmp,,211
334,Tartaric acid,,,GMP,gmp,,211
928,"Benzoyl
peroxide",,,40 mg/kg,numeric,,211
100(i),Curcurmin,,,GMP,gmp,,211
161g,Canthaxanthin,,,GMP,gmp,,211
,Annatto,,,GMP,gmp,,211
122,Carmoisine,,,100 mg/kg,numeric,,211
127,Erythrosine,,,50 mg/kg,numeric,,211
,"POLYSORBA
TES",,,"3,000 mg/kg",numeric,,211
102,Tartarazine,,,100 mg/kg,numeric,,211
475,"Poly glycerol
esters of fatty
acid",,,"10,000 mg/kg",numeric,,211
,"TOCOPHERO
LS",,,200 mg/kg,numeric,389,211
,TARTRATES,,,"5,000 mg/kg",numeric,45,211
405,Propylene,,,"3,000 mg/kg",numeric,,211
950,"Acesulfame
potassium",7.2.2,"Other fine
bakery
products","1,000 mg/kg",numeric,"165,188",212
129,Allura red AC,7.2.2,"Other fine
bakery
products",100 mg/kg,numeric,,212
951,Aspartame,7.2.2,"Other fine
bakery
products","1,700 mg/kg",numeric,"191,165",212
962,"Aspartame-
acesulfame salt",7.2.2,"Other fine
bakery
products","1,000 mg/kg",numeric,"77,113",212
,BENZOATES,7.2.2,"Other fine
bakery
products","1,000 mg/kg",numeric,13,212
901,Beeswax,7.2.2,"Other fine
bakery
products",GMP,gmp,3,212
133,"Brilliant blue
FCF",7.2.2,"Other fine
bakery
products",200 mg/kg,numeric,,212
,"CAROTENOI
DS",7.2.2,"Other fine
bakery
products",100 mg/kg,numeric,,212
,"CHLOROPH
YLLS AND
CHLOROPH
YLLINS,
COPPER
COMPLEXES",7.2.2,"Other fine
bakery
products",75 mg/kg,numeric,,212
902,Candelilla wax,7.2.2,"Other fine
bakery
products",GMP,gmp,3,212
150c,"Caramel III -
ammonia
caramel",7.2.2,"Other fine
bakery
products","50,000 mg/kg",numeric,,212
150d,"Caramel IV –
sulfite
ammonia
caramel",7.2.2,"Other fine
bakery
products","1,200 mg/kg",numeric,,212
,"POLYSORBA
TES",7.2.2,"Other fine
bakery
products","3,000 mg/kg",numeric,,212
,"beta-Carotenes,
vegetable",,,"1,000 mg/kg",numeric,,213
472e,"Diacetyltartaric
and fatty acid
esters of
glycerol",,,"20,000 mg/kg",numeric,,213
,"HYDROXYB
ENZOATES,
PARA-",,,300 mg/kg,numeric,27,213
,"IRON
OXIDES",,,100 mg/kg,numeric,,213
132,"Indigotine
(Indigo
carmine)",,,200 mg/kg,numeric,,213
961,Neotame,,,80 mg/kg,numeric,165,213
,"PHOSPHATE
S",,,"9,300 mg/kg",numeric,"229, 33",213
,"RIBOFLAVI
NS",,,300 mg/kg,numeric,,213
,"SACCHARIN
S",,,170 mg/kg,numeric,165,213
,SULFITES,,,50 mg/kg,numeric,44,213
904,"Shellac,
bleached",,,GMP,gmp,3,213
955,Sucralose,,,700 mg/kg,numeric,165,213
474,"Sucroglyceride
s",,,"10,000 mg/kg",numeric,,213
475,"Poly glycerol
esters of fatty",,,"10,000 mg/kg",numeric,,213
405,"Propylene
glycol alginate
[This amendme",,,2000 mg/kg,numeric,,214
950,"Acesulfame
potassium",7.2.3,"Mixes for fine
bakery wares","1,000 mg/kg",numeric,"165,188",214
129,Allura red AC,7.2.3,"Mixes for fine
bakery wares",100 mg/kg,numeric,,214
951,Aspartame,7.2.3,"Mixes for fine
bakery wares","1,700 mg/kg",numeric,"191,165",214
962,"Aspartame-
acesulfame salt",7.2.3,"Mixes for fine
bakery wares","1,000 mg/kg",numeric,"77,113",214
901,Beeswax,7.2.3,"Mixes for fine
bakery wares",GMP,gmp,3,214
133,"Brilliant blue
FCF",7.2.3,"Mixes for fine
bakery wares",200 mg/kg,numeric,,214
,"CAROTENOI
DS",7.2.3,"Mixes for fine
bakery wares",100 mg/kg,numeric,,214
,"CHLOROPH
YLLS AND
CHLOROPH
YLLINS,
COPPER
COMPLEXES",7.2.3,"Mixes for fine
bakery wares",75 mg/kg,numeric,,214
902,Candelilla wax,7.2.3,"Mixes for fine
bakery wares",GMP,gmp,3,214
150c,"Caramel III -
ammonia
caramel",7.2.3,"Mixes for fine
bakery wares","50,000 mg/kg",numeric,,214
150d,"Caramel IV –
sulfite",7.2.3,"Mixes for fine
bakery wares","1,200 mg/kg",numeric,,214
,"beta-Carotenes,
vegetable",,,"1,000 mg/kg",numeric,,215
472e,"Diacetyltartaric
and fatty acid
esters of
glycerol",,,"20,000 mg/kg",numeric,,215
,"HYDROXYB
ENZOATES,
PARA-",,,300 mg/kg,numeric,27,215
,"IRON
OXIDES",,,100 mg/kg,numeric,,215
132,"Indigotine
(Indigo
carmine)",,,200 mg/kg,numeric,,215
961,Neotame,,,80 mg/kg,numeric,"165,",215
,"PHOSPHATE
S",,,"9,300 mg/kg",numeric,"229,33",215
310,Propyl gallate,,,200 mg/kg,numeric,"196,15",215
,"RIBOFLAVI
NS",,,300 mg/kg,numeric,,215
,"SACCHARIN
S",,,170 mg/kg,numeric,165,215
,SULFITES,,,50 mg/kg,numeric,44,215
904,"Shellac,
bleached",,,GMP,gmp,3,215
955,"Sucralose
(Trichlorogalac",,,700 mg/kg,numeric,165,215
474,"Sucroglyceride
s",,,"10,000 mg/kg",numeric,,216
,"POLYSORBA
TES",,,"3,000 mg/kg",numeric,,216
475,"Poly glycerol
esters of fatty
acid",,,"15,000 mg/kg",numeric,11,216
405,"Propylene
glycol alginate
[This amendme",,,"10,000 mg/kg",numeric,,216
,Paprika oleoresin,8.2,"Processed
meat and
poultry
products in
whole pieces
or cuts",GMP,gmp,,217
,POLYSORBAT,8.2,"Processed
meat and
poultry
products in
whole pieces
or cuts","5,000 mg/kg",numeric,,217
310,Propyl gallate,8.2,Propyl gallate,200 mg/kg,numeric,,217
319,Tertiary,8.2,Propyl gallate,100 mg/kg,numeric,,217
133,"Brilliant Blue
FCF",,,100 mg/kg,numeric,,218
320,Butylated,,,200 mg/kg,numeric,"15, 130,",218
321,Butylated,,"Butylated
hydroxytoluene
(BHT)",100 mg/kg,numeric,"15, 130,",218
150c,"Caramel III -
ammonia caramel",,"Butylated
hydroxytoluene
(BHT)",GMP,gmp,,218
150d,"Caramel IV –
sulfite ammonia
caramel",,"Butylated
hydroxytoluene
(BHT)",GMP,gmp,,218
,"beta-Carotenes,",,"Butylated
hydroxytoluene
(BHT)","5,000 mg/kg",numeric,,218
127,Erythrosine,,Erythrosine,30 mg/kg,numeric,,218
143,Fast green FCF,,Erythrosine,100 mg/kg,numeric,,218
,RIBOFLAVINS,,Erythrosine,300 mg/kg,numeric,,218
110,Sunset yellow,,Erythrosine,100 mg/kg,numeric,,218
,PHOSPHATES,8.2.1,Non-heat,"2,200 mg/kg",numeric,33,219
163(ii),"Grape skin
extract",8.2.1,Non-heat,"5,000 mg/kg",numeric,,219
,BENZOATES,8.2.1.2,Cured,"1,000 mg/kg",numeric,"3, 13",219
384,Isopropyl citrates,8.2.1.2,processed,200 mg/kg,numeric,,219
235,Natamycin,8.2.1.2,"Natamycin
(Pimaricin)",6 mg/kg,numeric,,219
474,Sucroglycerides,8.2.1.3,Fermented,"5,000 mg/kg",numeric,,219
,NITRITES,8.2.1.3,Fermented,80 mg/kg,numeric,"32,288",219
234,Nisin,,Nisin,25 mg/kg,numeric,"330,",220
,NITRITES,,Nisin,80 mg/kg,numeric,"32, 288",220
,PHOSPHATES,,Nisin,"2,200 mg/kg",numeric,33,220
,SACCHARINS,,Nisin,500 mg/kg,numeric,,220
474,Sucroglycerides,,Nisin,"5,000 mg/kg",numeric,,220
,"TOCOPHER
OLS",,Nisin,500 mg/kg,numeric,,220
905d,"Mineral oil,
High Viscosity",8.2.3,"Frozen raw,",950 mg/kg,numeric,3,220
,PHOSPHATES,8.2.3,"Frozen raw,","2,200 mg/kg",numeric,33,220
133,"Brilliant blue
FCF",8.3,"Processed
comminuted
meat and
poultry
products",100 mg/kg,numeric,,220
320,"Butylatedhydrox
yanisole (BHA)",8.3,"Processed
comminuted
meat and
poultry
products",200 mg/kg,numeric,,220
321,Butylatedhydrox,8.3,"Processed
comminuted
meat and
poultry
products",100 mg/kg,numeric,,220
150c,"Caramel III -
ammonia caramel",,,GMP,gmp,,221
150d,"Caramel IV -
sulfite ammonia
caramel",,,GMP,gmp,,221
127,Erythrosine,,,30 mg/kg,numeric,"4, 290",221
163(ii),Grape skin,,,"5,000 mg/kg",numeric,,221
,NITRITES,,,80 mg/kg,numeric,"286, 32",221
,Paprika oleoresin,,Paprika oleoresin,GMP,gmp,,221
,PHOSPHATES,,Paprika oleoresin,"2,200 mg/kg",numeric,"33, 302",221
,POLYSORBAT,,Paprika oleoresin,"5,000 mg/kg",numeric,,221
,RIBOFLAVINS,,RIBOFLAVINS,"1,000 mg/kg",numeric,,221
310,Propyl gallate,,RIBOFLAVINS,200 mg/kg,numeric,,221
405,Propylene glycol,,RIBOFLAVINS,"3,000 mg/kg",numeric,,221
,SORBATES,,SORBATES,"1,500 mg/kg",numeric,,221
262(ii),Sodium diacetate,,SORBATES,"1,000 mg/kg",numeric,,221
,TOCOPHEROL,,SORBATES,500 mg/kg,numeric,,221
319,Tertiary,,SORBATES,100 mg/kg,numeric,,221
,"beta-Carotenes,
vegetable",8.3.1,Non-heat,20 mg/kg,numeric,118,222
161g,Canthaxanthin,8.3.1.1,Cured,100 mg/kg,numeric,"118,4",222
384,Isopropyl citrate,8.3.1.2,Cured,200 mg/kg,numeric,,222
235,Natamycin,8.3.1.2,(including,20 mg/kg,numeric,"3, 81",222
,BENZOATES,8.3.1.2,dried,"1,000 mg/kg",numeric,"3,13",222
110,Sunset yellow,8.3.1.2,"processed Sunset yellow
FCF",100 mg/kg,numeric,,222
220,Sulphur dioxide,8.3.1.3,"Fermented
non-heat
treated
processed
comminuted
meat and
poultryprodu
cts Fermented",450 mg/kg,numeric,,223
474,Sucroglycerides,8.3.2,"Heat-treated
processed
comminuted
meat and
poultry
products
(canned
cooked ham,
canned
luncheon
meat, canned
chopped
meat)","5,000 mg/kg",numeric,,223
133,Brilliant blue,8.3.2,"Brilliant blue
FCF",200 mg/kg,numeric,,223
,CAROTENOID,8.3.2,"Brilliant blue
FCF",20 mg/kg,numeric,,223
,"beta-Carotenes,",8.3.2,"beta-Carotenes,
vegetable",20 mg/kg,numeric,,223
,ETHYLENE,8.3.2,"beta-Carotenes,
vegetable",35 mg/kg,numeric,,223
474,Sucroglycerides,8.3.2,Sucroglycerides,"5,000 mg/kg",numeric,,223
110,"Sunset yellow
FCF",8.3.2,Sucroglycerides,200 mg/kg,numeric,,223
,"TOCOPHER
OLS",8.3.2,Sucroglycerides,500 mg/kg,numeric,,223
905d,"Mineral oil, high",8.3.3,"Frozen
processed
comminuted
meat and
poultry
products Frozen",950 mg/kg,numeric,3,224
133,Brilliant blue,8.3.3,"comminuted Brilliant blue
FCF",200 mg/kg,numeric,100,224
110,"Sunset yellow
FCF",8.3.3,"comminuted Brilliant blue
FCF",200 mg/kg,numeric,100,224
,Paprika oleoresin,8.4,"Edible
casings",GMP,gmp,,224
,ASCORBYL,8.4,"Edible
casings","5,000 mg/kg",numeric,10,224
133,Brilliant blue,8.4,"Brilliant blue
FCF",100 mg/kg,numeric,,224
,"CAROTENOID
S",8.4,"Brilliant blue
FCF",100 mg/kg,numeric,,224
143,Fast green FCF,8.4,"Brilliant blue
FCF",100 mg/kg,numeric,3,224
163,Grape skin,8.4,"Brilliant blue
FCF","5,000 mg/kg",numeric,,224
,HYDROXYBE,,,36 mg/kg,numeric,27,225
,IRON OXIDES,,,"1,000 mg/kg",numeric,72,225
,PHOSPHATES,,,"1,100 mg/kg",numeric,33,225
,POLYSORBAT,,,"1,500 mg/kg",numeric,,225
,SULFITES,9.1.2,Fresh SULFITES,100 mg/kg,numeric,44,226
950,Acesulfame,9.2,"Processed fish
and fish
products,
including
molluscs,
crustaceans,
and
echinoderms Processed fish",200 mg/kg,numeric,"144 , 188",226
951,Aspartame,9.2,"products,",300 mg/kg,numeric,"144 , 191",226
,CAROTENO,9.2,including,100 mg/kg,numeric,95,226
150c,Caramel III -,9.2,"crustaceans,","30,000 mg/kg",numeric,,226
150d,Caramel IV –,9.2,"crustaceans,","30,000 mg/kg",numeric,95,226
,ASCORBYL,9.2.1,"Frozen fish,
fish fillets, and
fish products,
including
molluscs,
crustaceans,
and
echinoderms(f
rozen shrimps
or prawns,
frozen
lobsters,frozen
squid , frozen
fin fish and
frozen fish
fillets)","1,000 mg/kg",numeric,10,227
300,Ascorbic acid,9.2.1,Ascorbic acid,GMP,gmp,,227
320,Butylated,9.2.1,Ascorbic acid,200 mg/kg,numeric,"15, 180",227
321,Butylated,9.2.1,Ascorbic acid,200 mg/kg,numeric,"15, 180",227
170(i),Calcium,9.2.1,Ascorbic acid,GMP,gmp,95,227
161g,Canthaxanthin,9.2.1,Ascorbic acid,35 mg/kg,numeric,95,227
330,Citric acid,9.2.1,Citric acid,GMP,gmp,"61 , 257",227
,ETHYLENE,9.2.1,Citric acid,75 mg/kg,numeric,21,227
,PHOSPHAT,9.2.1,Citric acid,"2,200 mg/kg",numeric,33,227
,RIBOFLAVI,9.2.1,Citric acid,300 mg/kg,numeric,95,227
,SULFITES,9.2.1,Citric acid,100 mg/kg,numeric,"44 ,139",227
331(i),Sodium,9.2.1,Citric acid,GMP,gmp,61,227
332(ii),Tripotassium,,,GMP,gmp,61,228
1414,Acetylated,,,GMP,gmp,29,228
406,Agar,,,GMP,gmp,"3, 53, 29",228
400,Alginic acid,,,GMP,gmp,29,228
403,Ammonium,,,GMP,gmp,29,228
404,Calcium,,,GMP,gmp,29,228
410,Carob bean,,,GMP,gmp,37,228
407,Carrageenan,,,GMP,gmp,37,228
472c,Citric and,,,GMP,gmp,29,228
1400,"Dextrins,",,,GMP,gmp,"3, 53, 29",228
418,Gellan gum,,,GMP,gmp,29,228
412,Guar gum,,,GMP,gmp,"37, 73",228
414,Gum arabic,,,GMP,gmp,29,228
463,Hydroxypropy,,,GMP,gmp,29,228
464,Hydroxypropy,,,GMP,gmp,29,228
1440,Hydroxypropy,,,GMP,gmp,29,229
472a,Acetic and,,,GMP,gmp,29,229
416,Karaya gum,,,GMP,gmp,29,229
472b,Lactic and,,,GMP,gmp,29,229
,Lecithins,,Lecithins,GMP,gmp,29,229
511,Magnesium,,Lecithins,GMP,gmp,29,229
421,Mannitol,,Lecithins,GMP,gmp,29,229
461,Methyl,,Lecithins,GMP,gmp,37,229
465,Methyl ethyl,,Lecithins,GMP,gmp,29,229
1404,Oxidized,,Lecithins,GMP,gmp,29,229
440,Pectins,,Lecithins,GMP,gmp,"16,37",229
1200,Polydextroses,,Lecithins,GMP,gmp,29,229
402,Potassium,,Lecithins,GMP,gmp,29,229
508,Potassium,,Lecithins,GMP,gmp,29,229
332(i),Potassium,,Lecithins,GMP,gmp,61,229
460(ii),Powdered,,,GMP,gmp,29,230
407a,Processed,,,GMP,gmp,37,230
470(i),Salts of,,,GMP,gmp,"71, 29",230
331(iii),Trisodium,,,GMP,gmp,61,230
470(ii),Salts of oleic,,,GMP,gmp,29,230
401,Sodium,,,GMP,gmp,37,230
466,Carboxymethy,,,GMP,gmp,,230
417,Tara gum,,,GMP,gmp,"29, 73",230
413,Tragacanth,,,GMP,gmp,29,230
333(iii),Tricalcium,,,GMP,gmp,29,230
331(iii),Trisodium,,,GMP,gmp,61,230
415,Xanthan gum,,,GMP,gmp,37,231
331(iii),331(iii),9.2.2,"Frozen
battered fish,
fish fillets and
fish products,
including
molluscs,
crustaceans,
and
echinoderms Trisodium",GMP,gmp,61,231
,ASCORBYL,9.2.2,"Frozen
battered fish,
fish fillets and
fish products,
including
molluscs,
crustaceans,
and
echinoderms Trisodium","1,000 mg/kg",numeric,10,231
503(i),Ammonium,9.2.2,"Frozen
battered fish,
fish fillets and
fish products,
including
molluscs,
crustaceans,
and
echinoderms Trisodium",GMP,gmp,41,231
300,"Ascorbic acid,",9.2.2,"Frozen
battered fish,
fish fillets and
fish products,
including
molluscs,
crustaceans,
and
echinoderms Trisodium",GMP,gmp,,231
320,Butylated,9.2.2,"Frozen
battered fish,
fish fillets and
fish products,
including
molluscs,
crustaceans,
and
echinoderms Trisodium",200 mg/kg,numeric,"15, 180",231
321,Butylated,9.2.2,"Frozen
battered fish,
fish fillets and
fish products,
including
molluscs,
crustaceans,
and
echinoderms Trisodium",200 mg/kg,numeric,"15, 180",231
330,Citric acid,9.2.2,"Frozen
battered fish,
fish fillets and
fish products,
including
molluscs,
crustaceans,
and
echinoderms Trisodium",GMP,gmp,61,231
,ETHYLENE,9.2.2,"Frozen
battered fish,
fish fillets and
fish products,
including
molluscs,
crustaceans,
and
echinoderms Trisodium",75 mg/kg,numeric,21,231
297,Fumaric acid,9.2.2,"Frozen
battered fish,
fish fillets and
fish products,
including
molluscs,
crustaceans,
and
echinoderms Trisodium",GMP,gmp,41,231
296,"Malic acid,",9.2.2,"Frozen
battered fish,
fish fillets and
fish products,
including
molluscs,
crustaceans,
and
echinoderms Trisodium",GMP,gmp,41,231
,PHOSPHAT,9.2.2,"Frozen
battered fish,
fish fillets and
fish products,
including
molluscs,
crustaceans,
and
echinoderms Trisodium","2,200 mg/kg",numeric,33,231
501(i),Potassium,9.2.2,"Frozen
battered fish,
fish fillets and
fish products,
including
molluscs,
crustaceans,
and
echinoderms Trisodium",GMP,gmp,41,231
332(i),Potassium,9.2.2,"Frozen
battered fish,
fish fillets and
fish products,
including
molluscs,
crustaceans,
and
echinoderms Trisodium",GMP,gmp,61,231
501(ii),Potassium,,,GMP,gmp,41,232
500(i),Sodium,,,GMP,gmp,41,232
331(i),Sodium,,,GMP,gmp,61,232
365,Sodium,,,GMP,gmp,41,232
500(ii),Sodium,,,GMP,gmp,41,232
500(iii),Sodium,,,GMP,gmp,41,232
,THIODIPRO,,,200 mg/kg,numeric,"15, 46",232
1414,Acetylated,,,GMP,gmp,63,232
406,Agar,,,GMP,gmp,29,232
410,Carob bean,,,GMP,gmp,177,232
407,Carrageenan,,,GMP,gmp,177,232
472c,Citric and,,,GMP,gmp,129,232
1400,"Dextrins,",,,GMP,gmp,29,233
418,Gellan gum,,,GMP,gmp,29,233
412,Guar gum,,,GMP,gmp,177,233
414,Gum arabic,,,GMP,gmp,29,233
463,Hydroxypropy,,,GMP,gmp,63,233
464,Hydroxypropy,,,GMP,gmp,63,233
1440,Hydroxypropy,,,GMP,gmp,63,233
472a,Acetic and,,,GMP,gmp,29,233
416,Karaya gum,,,GMP,gmp,29,233
472b,Lactic and,,,GMP,gmp,29,233
511,Magnesium,,,GMP,gmp,29,233
421,Mannitol,,,GMP,gmp,29,233
461,Methyl,,,GMP,gmp,177,233
465,Methyl ethyl,,,GMP,gmp,63,233
1404,Oxidized,,,GMP,gmp,63,233
440,Pectins,,,GMP,gmp,177,234
460(ii),Powdered,,,GMP,gmp,29,234
407a,Processed,,,GMP,gmp,177,234
470(i),Salts of,,,GMP,gmp,71,234
470(ii),Salts of oleic,,,GMP,gmp,29,234
401,Sodium,,,GMP,gmp,210,234
466,Carboxymethy,,,GMP,gmp,177,234
417,Tara gum,,,GMP,gmp,"29, 73",234
413,Tragacanth,,,GMP,gmp,29,234
415,Xanthan gum,,,GMP,gmp,177,234
1422,Acetylated,,,GMP,gmp,63,234
1401,Acid-treated,,,GMP,gmp,63,234
1402,Alkaline,,,GMP,gmp,63,235
1442,Hydroxypropy,,,GMP,gmp,63,235
,Lecithins,,Lecithins,GMP,gmp,63,235
1420,Starch acetate,,Lecithins,GMP,gmp,63,235
1410,Monostarch,,Lecithins,GMP,gmp,63,235
332(ii),Tripotassium,,Lecithins,GMP,gmp,61,235
1413,Phosphated,,Lecithins,GMP,gmp,63,235
,CHLOROPH,9.2.3,"Frozen
minced and
creamed fish
products
including
molluscs,
crustaceans,
and
echinoderms",40 mg/kg,numeric,95,235
163(ii),Grape skin,9.2.3,"Frozen
minced and
creamed fish
products
including
molluscs,
crustaceans,
and
echinoderms",GMP,gmp,95,235
,PHOSPHAT,9.2.3,"Frozen
minced and
creamed fish
products
including
molluscs,
crustaceans,
and
echinoderms","2,200 mg/kg",numeric,33,235
124,Ponceau 4R,9.2.3,"Frozen
minced and
creamed fish
products
including
molluscs,
crustaceans,
and
echinoderms",100 mg/kg,numeric,95,235
110,Sunset yellow,9.2.3,"Frozen
minced and
creamed fish
products
including
molluscs,
crustaceans,
and
echinoderms",100 mg/kg,numeric,95,235
406,Agar,9.2.3,"Frozen
minced and
creamed fish
products
including
molluscs,
crustaceans,
and
echinoderms",GMP,gmp,,235
410,Carob bean,,,GMP,gmp,,236
407,Carrageenan,,,GMP,gmp,,236
1400,"Dextrins,",,,GMP,gmp,,236
418,Gellan gum,,,GMP,gmp,,236
412,Guar gum,,,GMP,gmp,,236
416,Karaya gum,,,GMP,gmp,,236
421,Mannitol,,,GMP,gmp,,236
407a,Processed,,,GMP,gmp,,236
401,Sodium,,,GMP,gmp,,236
332(ii),Tripotassium,,,GMP,gmp,,236
331(iii),Trisodium,,,GMP,gmp,,236
417,Tara gum,,,GMP,gmp,,236
415,Xanthan gum,,,GMP,gmp,,236
300,"Ascorbic acid,",9.2.4,"Cooked
and/or fried
fish and fish
products,
including
molluscs,
crustaceans,
and
echinoderms",GMP,gmp,,236
170(i),Calcium,9.2.4,"Cooked
and/or fried
fish and fish
products,
including
molluscs,
crustaceans,
and
echinoderms",GMP,gmp,,236
297,Fumaric acid,9.2.4,"Cooked
and/or fried
fish and fish
products,
including
molluscs,
crustaceans,
and
echinoderms",GMP,gmp,,236
504(i),Magnesium,9.2.4,"Cooked
and/or fried
fish and fish
products,
including
molluscs,
crustaceans,
and
echinoderms",GMP,gmp,,236
528,Magnesium,9.2.4,"Cooked
and/or fried
fish and fish
products,
including
molluscs,
crustaceans,
and
echinoderms",GMP,gmp,,236
504(ii),Magnesium,9.2.4,"Cooked
and/or fried
fish and fish
products,
including
molluscs,
crustaceans,
and
echinoderms",GMP,gmp,,236
296,"Malic acid,",,,GMP,gmp,,237
332(i),Potassium,,,GMP,gmp,,237
331(i),Sodium,,,GMP,gmp,,237
365,Sodium,,,GMP,gmp,,237
333(iii),Tricalcium,,,GMP,gmp,,237
332(ii),Tripotassium,,,GMP,gmp,,237
331(iii),Trisodium,,,GMP,gmp,,237
1414,Acetylated,9.2.4.1,"Cooked fish
and fish
products",GMP,gmp,241,237
129,Allura red AC,9.2.4.1,"Cooked fish
and fish
products",100 mg/kg,numeric,95,237
410,Carob bean,9.2.4.1,"Cooked fish
and fish
products",GMP,gmp,241,237
133,Brilliant blue,9.2.4.1,"Cooked fish
and fish
products",200 mg/kg,numeric,95,237
1400,"Dextrins,",9.2.4.1,"Cooked fish
and fish
products",GMP,gmp,241,237
1440,Hydroxypropy,9.2.4.1,"Cooked fish
and fish
products",GMP,gmp,241,237
418,Gellan gum,9.2.4.1,"Cooked fish
and fish
products",GMP,gmp,241,237
416,Karaya gum,,,GMP,gmp,241,238
,CHLOROPH,,,30 mg/kg,numeric,"62 ,95",238
170(i),Calcium,,,GMP,gmp,,238
1404,Oxidized,,,GMP,gmp,241,238
407a,Processed,,,GMP,gmp,241,238
160a(ii),beta-,,,"1,000 mg/kg",numeric,95,238
,ETHYLENE,,,50 mg/kg,numeric,21,238
143,Fast green,,,200 mg/kg,numeric,,238
163(ii),Grape skin,,,500 mg/kg,numeric,95,238
132,Indigotine,,,200 mg/kg,numeric,95,238
,PHOSPHAT,,PHOSPHAT,"2,200 mg/kg",numeric,33,238
124,Ponceau 4R,,,200 mg/kg,numeric,95,239
,RIBOFLAVI,,,300 mg/kg,numeric,95,239
413,Tragacanth,,,GMP,gmp,241,239
,SACCHARI,,,500 mg/kg,numeric,,239
,SORBATES,,,"2,000 mg/kg",numeric,42,239
365,Sodium,,,GMP,gmp,,239
110,Sunset yellow,,,200 mg/kg,numeric,95,239
415,Xanthan gum,,,GMP,gmp,"241, 327",239
129,Allura red AC,9.2.4.2,"Cooked
molluscs,
crustaceans,
and
echinoderms Allura red AC",100 mg/kg,numeric,,239
523,Aluminium,9.2.4.2,"Cooked
molluscs,
crustaceans,
and
echinoderms Allura red AC",200 mg/kg,numeric,"6,250",239
,BENZOATE,9.2.4.2,"Cooked
molluscs,
crustaceans,
and
echinoderms Allura red AC","2,000 mg/kg",numeric,"13, 82",239
133,Brilliant blue,9.2.4.2,"Cooked
molluscs,
crustaceans,
and
echinoderms Allura red AC",200 mg/kg,numeric,95,239
160a(ii),beta-,9.2.4.2,"Cooked
molluscs,
crustaceans,
and
echinoderms Allura red AC","1,000 mg/kg",numeric,,239
163(ii),Grape skin,9.2.4.2,"Cooked
molluscs,
crustaceans,
and
echinoderms Allura red AC","1,000 mg/kg",numeric,,239
,PHOSPHAT,9.2.4.2,"Cooked
molluscs,
crustaceans,
and
echinoderms Allura red AC","2,200 mg/kg",numeric,,239
124,Ponceau 4R,9.2.4.2,"Cooked
molluscs,
crustaceans,
and
echinoderms Allura red AC",200 mg/kg,numeric,,239
,RIBOFLAVI,,,300 mg/kg,numeric,,240
,SORBATES,,,"2,000 mg/kg",numeric,"42, 82",240
,SULFITES,,,150 mg/kg,numeric,44,240
110,Sunset yellow,,,200 mg/kg,numeric,,240
1440,Hydroxypropy,9.2.4.3,"Fried fish and
fish products,
including
molluscs,
crustaceans,
and
echinoderms",GMP,gmp,41,240
407a,Processed,9.2.4.3,"Fried fish and
fish products,
including
molluscs,
crustaceans,
and
echinoderms",GMP,gmp,41,240
1414,Acetylated,9.2.4.3,"Fried fish and
fish products,
including
molluscs,
crustaceans,
and
echinoderms",GMP,gmp,41,240
410,Carob bean,9.2.4.3,"Fried fish and
fish products,
including
molluscs,
crustaceans,
and
echinoderms",GMP,gmp,41,240
1400,"Dextrins,",9.2.4.3,"Fried fish and
fish products,
including
molluscs,
crustaceans,
and
echinoderms",GMP,gmp,41,240
418,Gellan gum,9.2.4.3,"Fried fish and
fish products,
including
molluscs,
crustaceans,
and
echinoderms",GMP,gmp,41,240
,CHLOROPH,9.2.4.3,"Fried fish and
fish products,
including
molluscs,
crustaceans,
and
echinoderms",40 mg/kg,numeric,"95,41",240
416,Karaya gum,9.2.4.3,"Fried fish and
fish products,
including
molluscs,
crustaceans,
and
echinoderms",GMP,gmp,41,240
1404,Oxidized,9.2.4.3,"Fried fish and
fish products,
including
molluscs,
crustaceans,
and
echinoderms",GMP,gmp,41,240
163(ii),Grape skin,9.2.4.3,"Fried fish and
fish products,
including
molluscs,
crustaceans,
and
echinoderms","1,000 mg/kg",numeric,95,240
413,Tragacanth,,,GMP,gmp,41,241
415,Xanthan gum,,,GMP,gmp,,241
129,Allura red AC,9.2.5,"Smoked,
dried,
fermented,
and/or salted
fish and fish
products,
including
molluscs,
crustaceans,
and
echinoderms
(Dried shark
fins,
Salted fish/
dried salted
fish)",100 mg/kg,numeric,22,241
,BENZOATE,9.2.5,"Smoked,
dried,
fermented,
and/or salted
fish and fish
products,
including
molluscs,
crustaceans,
and
echinoderms
(Dried shark
fins,
Salted fish/
dried salted
fish)",200 mg/kg,numeric,,241
320,Butylated,9.2.5,"Smoked,
dried,
fermented,
and/or salted
fish and fish
products,
including
molluscs,
crustaceans,
and
echinoderms
(Dried shark
fins,
Salted fish/
dried salted
fish)",200 mg/kg,numeric,"15, 196",241
321,Butylated,9.2.5,"Smoked,
dried,
fermented,
and/or salted
fish and fish
products,
including
molluscs,
crustaceans,
and
echinoderms
(Dried shark
fins,
Salted fish/
dried salted
fish)",200 mg/kg,numeric,"15, 196",241
,CHLOROPH,9.2.5,"Smoked,
dried,
fermented,
and/or salted
fish and fish
products,
including
molluscs,
crustaceans,
and
echinoderms
(Dried shark
fins,
Salted fish/
dried salted
fish)",200 mg/kg,numeric,,241
170(i),Calcium,9.2.5,"Smoked,
dried,
fermented,
and/or salted
fish and fish
products,
including
molluscs,
crustaceans,
and
echinoderms
(Dried shark
fins,
Salted fish/
dried salted
fish)",GMP,gmp,"266, 267",241
161g,Canthaxanthin,9.2.5,"Smoked,
dried,
fermented,
and/or salted
fish and fish
products,
including
molluscs,
crustaceans,
and
echinoderms
(Dried shark
fins,
Salted fish/
dried salted
fish)",15 mg/kg,numeric,,241
160a(ii),beta-,9.2.5,"Smoked,
dried,
fermented,
and/or salted
fish and fish
products,
including
molluscs,
crustaceans,
and
echinoderms
(Dried shark
fins,
Salted fish/
dried salted
fish)","1,000 mg/kg",numeric,,241
143,Fast green,9.2.5,"Smoked,
dried,
fermented,
and/or salted
fish and fish
products,
including
molluscs,
crustaceans,
and
echinoderms
(Dried shark
fins,
Salted fish/
dried salted
fish)",100 mg/kg,numeric,,241
297,Fumaric acid,9.2.5,"Smoked,
dried,
fermented,
and/or salted
fish and fish
products,
including
molluscs,
crustaceans,
and
echinoderms
(Dried shark
fins,
Salted fish/
dried salted
fish)",GMP,gmp,,241
163(ii),Grape skin,9.2.5,"Smoked,
dried,
fermented,
and/or salted
fish and fish
products,
including
molluscs,
crustaceans,
and
echinoderms
(Dried shark
fins,
Salted fish/
dried salted
fish)","1,000 mg/kg",numeric,"266, 267",241
,IRON,,,250 mg/kg,numeric,22,242
504(i),Magnesium,,,GMP,gmp,22,242
132,Indigotine,,,100 mg/kg,numeric,22,242
528,Magnesium,,,GMP,gmp,"266, 267",242
504(ii),Magnesium,,,GMP,gmp,"266, 267",242
296,"Malic acid,",,,GMP,gmp,"266, 267",242
124,Ponceau 4R,,,100 mg/kg,numeric,"266, 267",242
332(i),Potassium,,,GMP,gmp,22,242
310,Propyl gallate,,,100 mg/kg,numeric,"266, 267",242
,RIBOFLAVI,,,300 mg/kg,numeric,"15, 196",242
,SULFITES,,,30 mg/kg,numeric,,242
331(i),Sodium,,,GMP,gmp,44,242
365,Sodium,,,GMP,gmp,"266, 267",242
110,Sunset yellow,,,100 mg/kg,numeric,"266, 267",242
1414,Acetylated,,,GMP,gmp,22,243
406,Agar,,,GMP,gmp,300,243
407,Carrageenan,,,GMP,gmp,300,243
472c,Citric and,,,GMP,gmp,300,243
412,Guar gum,,,GMP,gmp,300,243
414,Gum arabic,,,GMP,gmp,300,243
463,Hydroxypropy,,,GMP,gmp,300,243
464,Hydroxypropy,,,GMP,gmp,300,243
1440,Hydroxypropy,,,GMP,gmp,300,243
472b,Lactic and,,,GMP,gmp,300,243
511,Magnesium,,,GMP,gmp,300,243
421,Mannitol,,,GMP,gmp,300,243
461,Methyl,,,GMP,gmp,300,243
465,Methyl ethyl,,,GMP,gmp,300,243
1404,Oxidized,,,GMP,gmp,300,243
440,Pectins,,,GMP,gmp,300,244
460(ii),Powdered,,,GMP,gmp,300,244
407a,Processed,,,GMP,gmp,300,244
470(i),Salts of,,,GMP,gmp,300,244
470(ii),Salts of oleic,,,GMP,gmp,300,244
401,Sodium,,,GMP,gmp,300,244
466,Carboxymethy,,,GMP,gmp,300,244
417,Tara gum,,,GMP,gmp,300,244
413,Tragacanth,,,GMP,gmp,300,244
415,Xanthan gum,,,GMP,gmp,300,244
,Lecithins,,Lecithins,GMP,gmp,300,244
472a,Acetic and,,Lecithins,GMP,gmp,300,244
950,Acesulfame,,"Semi
preserved fish
and fish
products
including
molluscs,
crustaceans,
and
echinoderms",200 mg/kg,numeric,"144, 188",245
951,Aspartame,,"Semi
preserved fish
and fish
products
including
molluscs,
crustaceans,
and
echinoderms",300 mg/kg,numeric,"144, 191",245
962,Aspartame-,,"Semi
preserved fish
and fish
products
including
molluscs,
crustaceans,
and
echinoderms",200 mg/kg,numeric,113,245
,BENZOATE,,"Semi
preserved fish
and fish
products
including
molluscs,
crustaceans,
and
echinoderms","2,000 mg/kg",numeric,"13, 120",245
320,Butylated,,"Semi
preserved fish
and fish
products
including
molluscs,
crustaceans,
and
echinoderms",200 mg/kg,numeric,"15, 180",245
321,Butylated,,"Semi
preserved fish
and fish
products
including
molluscs,
crustaceans,
and
echinoderms",200 mg/kg,numeric,"15, 180",245
,CAROTENO,,"Semi
preserved fish
and fish
products
including
molluscs,
crustaceans,
and
echinoderms",100 mg/kg,numeric,"100, 95",245
150c,Caramel III -,,"Semi
preserved fish
and fish
products
including
molluscs,
crustaceans,
and
echinoderms","30,000 mg/kg",numeric,95,245
955,Sucralose,,"Semi
preserved fish
and fish
products
including
molluscs,
crustaceans,
and
echinoderms",120 mg/kg,numeric,144,245
150d,Caramel IV –,,"Semi
preserved fish
and fish
products
including
molluscs,
crustaceans,
and
echinoderms","30,000 mg/kg",numeric,95,245
961,Neotame,,Neotame,10 mg/kg,numeric,,245
,HYDROXYB,,,"1,000 mg/kg",numeric,27,246
,SORBATES,,,"1,000 mg/kg",numeric,42,246
,PHOSPHAT,9.3.1,Fish and fish,"2,200 mg/kg",numeric,33,246
,SACCHARI,9.3.1,"including SACCHARI
NS",160 mg/kg,numeric,144,246
,ETHYLENE,9.3.2,Fish and fish,250 mg/kg,numeric,21,246
,PHOSPHAT,9.3.2,and,"2,200 mg/kg",numeric,33,246
,SACCHARI,9.3.2,pickled and/or,160 mg/kg,numeric,144,246
129,Allura red AC,9.3.3,"Salmon
substitutes,
caviar and
other fish roe
products Salmon",100 mg/kg,numeric,,246
133,Brilliant blue,9.3.3,"substitutes,",100 mg/kg,numeric,,246
,CHLOROPH,9.3.3,other fish roe,200 mg/kg,numeric,,246
161g,Canthaxanthin,,,15 mg/kg,numeric,,247
160a(ii),beta-,,,"1,000 mg/kg",numeric,,247
143,Fast green,,,100 mg/kg,numeric,,247
163(ii),Grape skin,,,"1,500 mg/kg",numeric,,247
,IRON,,,100 mg/kg,numeric,,247
132,Indigotine,,,100 mg/kg,numeric,,247
,PHOSPHAT,,,"2,200 mg/kg",numeric,33,247
124,Ponceau 4R,,,200 mg/kg,numeric,,247
,RIBOFLAVI,,,300 mg/kg,numeric,,247
110,Sunset yellow,9.3.4,Semi-,100 mg/kg,numeric,,247
129,Allura red AC,9.3.4,and fish,100 mg/kg,numeric,,247
,CHLOROPH,9.3.4,products,75 mg/kg,numeric,95,247
,IRON,9.3.4,"paste),",50 mg/kg,numeric,95,247
132,Indigotine,,"products of
food
categories
9.3.1 –9.3.3",100 mg/kg,numeric,,248
,PHOSPHAT,,"products of
food
categories
9.3.1 –9.3.3","2,200 mg/kg",numeric,33,248
124,Ponceau 4R,,"products of
food
categories
9.3.1 –9.3.3",100 mg/kg,numeric,,248
,RIBOFLAVI,,"products of
food
categories
9.3.1 –9.3.3",300 mg/kg,numeric,,248
,SACCHARI,,"products of
food
categories
9.3.1 –9.3.3",160 mg/kg,numeric,144,248
950,Acesulfame,9.4,"Fully
preserved
including
canned or
fermented fish
and fish
products, and
molluscs,
crustaceans,
and
echinoderms(c
anned fin fish,
canned
shrimp,
canned
sardines,
canned
salmon,
canned crab
meat, canned
tuna and",200 mg/kg,numeric,"144, 188",248
951,Aspartame,9.4,"Fully
preserved
including
canned or
fermented fish
and fish
products, and
molluscs,
crustaceans,
and
echinoderms(c
anned fin fish,
canned
shrimp,
canned
sardines,
canned
salmon,
canned crab
meat, canned
tuna and",300 mg/kg,numeric,"144, 191",248
962,Aspartame-,9.4,"Fully
preserved
including
canned or
fermented fish
and fish
products, and
molluscs,
crustaceans,
and
echinoderms(c
anned fin fish,
canned
shrimp,
canned
sardines,
canned
salmon,
canned crab
meat, canned
tuna and",200 mg/kg,numeric,113,248
,CAROTENO,9.4,"Fully
preserved
including
canned or
fermented fish
and fish
products, and
molluscs,
crustaceans,
and
echinoderms(c
anned fin fish,
canned
shrimp,
canned
sardines,
canned
salmon,
canned crab
meat, canned
tuna and",100 mg/kg,numeric,95,248
320,Butylated,9.4,"Fully
preserved
including
canned or
fermented fish
and fish
products, and
molluscs,
crustaceans,
and
echinoderms(c
anned fin fish,
canned
shrimp,
canned
sardines,
canned
salmon,
canned crab
meat, canned
tuna and",200 mg/kg,numeric,"15, 180",248
321,Butylated,9.4,"Fully
preserved
including
canned or
fermented fish
and fish
products, and
molluscs,
crustaceans,
and
echinoderms(c
anned fin fish,
canned
shrimp,
canned
sardines,
canned
salmon,
canned crab
meat, canned
tuna and",200 mg/kg,numeric,"15, 180",248
,CHLOROPH,9.4,"Fully
preserved
including
canned or
fermented fish
and fish
products, and
molluscs,
crustaceans,
and
echinoderms(c
anned fin fish,
canned
shrimp,
canned
sardines,
canned
salmon,
canned crab
meat, canned
tuna and",500 mg/kg,numeric,95,248
161g,Canthaxanthin,,,15 mg/kg,numeric,,249
150c,Caramel III -,,,"30,000 mg/kg",numeric,50,249
150d,Caramel IV –,,,"30,000 mg/kg",numeric,95,249
160a(ii),beta-,,,500 mg/kg,numeric,,249
,ETHYLENE,,,340 mg/kg,numeric,21,249
,IRON,,,50 mg/kg,numeric,95,249
961,Neotame,,,10 mg/kg,numeric,,249
,PHOSPHAT,,,"2,200 mg/kg",numeric,33,249
,RIBOFLAVI,,,500 mg/kg,numeric,95,249
,SACCHARI,,,200 mg/kg,numeric,144,249
,SULFITES,,,150 mg/kg,numeric,"44, 140",249
955,Sucralose,,,120 mg/kg,numeric,144,249
466,Carboxy,,Carboxy,GMP,gmp,,249
243,"Lauric arginate
ethyl ester",10.2,Egg products,200 mg/kg,numeric,,251
,BENZOATES,10.2.1,"Liquid egg
products","5,000 mg/kg",numeric,13,251
,PHOSPHATES,10.2.1,"Liquid egg
products","4,400 mg/kg",numeric,"67, 33",251
,SORBATES,10.2.1,"Liquid egg
products","5,000 mg/kg",numeric,42,251
1505,Triethyl citrate,10.2.1,Triethyl citrate,"2,500 mg/kg",numeric,,251
260,"Acetic acid,",10.2.1,Triethyl citrate,GMP,gmp,,251
330,Citric acid,10.2.1,Citric acid,GMP,gmp,,251
270,"Lactic acid L-, D-",10.2.1,Citric acid,GMP,gmp,,251
262(i),Sodium acetate,10.2.1,Sodium acetate,GMP,gmp,,251
331(i),Sodium,10.2.1,Sodium acetate,GMP,gmp,,251
325,Sodium lactate,10.2.1,Sodium lactate,GMP,gmp,,251
,331(iii,10.2.1,Trisodium citrate,GMP,gmp,,251
406,Agar,10.2.1,Trisodium citrate,GMP,gmp,,251
404,Calcium alginate,10.2.1,Trisodium citrate,GMP,gmp,,251
410,Carob bean gum,10.2.1,Trisodium citrate,GMP,gmp,,251
407,Carrageenan,10.2.1,Trisodium citrate,GMP,gmp,,251
418,Gellan gum,10.2.1,Trisodium citrate,GMP,gmp,,251
412,Guar gum,10.2.1,Trisodium citrate,GMP,gmp,,251
414,Gum,10.2.1,Gum,GMP,gmp,,251
416,Karaya gum,,Karaya gum,GMP,gmp,,252
425,Konjac flour,,Karaya gum,GMP,gmp,,252
,Lecithins,,Lecithins,GMP,gmp,,252
460(i),Micro crystalline,,Lecithins,GMP,gmp,,252
440,Pectins,,Pectins,GMP,gmp,,252
1200,Polydextroses,,Pectins,GMP,gmp,,252
407a,Processed,,Pectins,GMP,gmp,,252
470(i),"Salts of myristic,",,Pectins,GMP,gmp,,252
401,Sodium alginate,,Sodium alginate,GMP,gmp,,252
417,Tara gum,,Sodium alginate,GMP,gmp,,252
415,Xanthan gum,,Sodium alginate,GMP,gmp,,252
466,Carboxymethyl,,Sodium alginate,GMP,gmp,,252
,PHOSPHATES,10.2.2,"Frozen egg
products","1,290 mg/kg",numeric,"67, 33",252
,SORBATES,10.2.2,"Frozen egg
products","1,000 mg/kg",numeric,42,252
260,"Acetic acid,",10.2.2,"Frozen egg
products",GMP,gmp,,252
330,Citric acid,,,GMP,gmp,,253
270,"Lactic acid L-, D-",,,GMP,gmp,,253
262(i),Sodium acetate,,Sodium acetate,GMP,gmp,,253
331(i),Sodium,,Sodium acetate,GMP,gmp,,253
325,Sodium lactate,,Sodium lactate,GMP,gmp,,253
,331(iii,,Trisodium citrate,GMP,gmp,,253
406,Agar,,Trisodium citrate,GMP,gmp,,253
404,Calcium alginate,,Trisodium citrate,GMP,gmp,,253
410,Carob bean gum,,Trisodium citrate,GMP,gmp,,253
407,Carrageenan,,Trisodium citrate,GMP,gmp,,253
418,Gellan gum,,Trisodium citrate,GMP,gmp,,253
412,Guar gum,,Trisodium citrate,GMP,gmp,,253
414,Gum,,Trisodium citrate,GMP,gmp,,253
416,Karaya gum,,Trisodium citrate,GMP,gmp,,253
425,Konjac flour,,Trisodium citrate,GMP,gmp,,253
,Lecithins,,Lecithins,GMP,gmp,,253
460(i),Micro crystalline,,Lecithins,GMP,gmp,,253
421,Mannitol,,Lecithins,GMP,gmp,,253
471,Mono- and di-,,Lecithins,GMP,gmp,,253
440,Pectins,,,GMP,gmp,,254
1200,Polydextrose,,,GMP,gmp,,254
407a,Processed,,,GMP,gmp,,254
470(i),"Salts of myristic,",,,GMP,gmp,,254
401,Sodium alginate,,Sodium alginate,GMP,gmp,,254
417,Tara gum,,Sodium alginate,GMP,gmp,,254
466,Carboxymethyl,,Sodium alginate,GMP,gmp,,254
415,Xanthan gum,,Sodium alginate,GMP,gmp,,254
,ETHYLENE,,Sodium alginate,200 mg/kg,numeric,"21, 47",254
1505,Triethyl citrate,,Sodium alginate,"2,500 mg/kg",numeric,47,254
472e,Diacetyltartaric,10.2.3,"Dried and/or
heat
coagulated
egg products","5,000 mg/kg",numeric,,254
,ETHYLENE,10.2.3,"Dried and/or
heat
coagulated
egg products",200 mg/kg,numeric,"21, 47",254
,SORBATES,,,"1,000 mg/kg",numeric,42,255
1505,Triethyl citrate,,,"2,500 mg/kg",numeric,47,255
,PHOSPHATES,10.3,Preserved PHOSPHATES,"1,000 mg/kg",numeric,33,255
950,Acesulfame,10.4,"Egg based
deserts e.g.
custard Egg based",350 mg/kg,numeric,188,255
,ASCORBYL,10.4,custard,500 mg/kg,numeric,"10, 2",255
951,Aspartame,10.4,custard,"1,000 mg/kg",numeric,191,255
,BENZOATES,10.4,custard,"1,000 mg/kg",numeric,13,255
243,Lauric arginate,10.4,custard,200 mg/kg,numeric,,255
961,Neotame,10.4,custard,100 mg/kg,numeric,,255
,PHOSPHATES,10.4,PHOSPHATES,"1,400 mg/kg",numeric,33,255
,POLYSORBAT,10.4,PHOSPHATES,"3,000 mg/kg",numeric,,255
310,Propyl gallate,10.4,PHOSPHATES,90 mg/kg,numeric,"15, 2",255
477,Propylene glycol,10.4,PHOSPHATES,"40,000 mg/kg",numeric,,255
,SACCHARINS,10.4,PHOSPHATES,100 mg/kg,numeric,144,255
,SORBATES,10.4,PHOSPHATES,"1,000 mg/kg",numeric,42,255
960,Steviol,10.4,PHOSPHATES,330 mg/kg,numeric,26,255
955,Sucralose,10.4,PHOSPHATES,400 mg/kg,numeric,,255
474,Sucroglycerides,,,"5,000 mg/kg",numeric,,256
129,Allura red AC,,,100 mg/kg,numeric,,256
133,Brilliant Blue,,,100 mg/kg,numeric,,256
,CAROTENOID,,,150 mg/kg,numeric,,256
,CHLOROPHYL,,,300 mg/kg,numeric,,256
161g,Canthaxanthin,,,15 mg/kg,numeric,,256
150d,Caramel IV-,,,"20,000 mg/kg",numeric,,256
150,Caramel III –,,,"20,000 mg/kg",numeric,,256
,"beta-Carotenes,",,,"1,000 mg/kg",numeric,,256
143,Fast green FCF,,,100 mg/kg,numeric,,256
110,Sunset yellow,,,50 mg/kg,numeric,,256
132,Indigotine,,,100 mg/kg,numeric,,256
124,Ponceau 4R,,,50 mg/kg,numeric,,256
,RIBOFLAVINS,,,200 mg/kg,numeric,,256
,SULFITES,11.1.1,"White sugar,",15 mg/kg,numeric,44,257
,SULFITES,11.1.1,Refined Sugar,20 mg/kg,numeric,,257
552,Calcium silicate,11.1.2,"Powdered
sugar,
powdered
dextrose (icing
sugar) Powdered","15,000 mg/kg",numeric,56,257
504(i),Magnesium,11.1.2,"sugar,","15,000 mg/kg",numeric,56,257
170(i),carbonates of,11.1.2,dextrose (icing,"15,000 mg/kg",numeric,,257
553(i),Magnesium,11.1.2,dextrose (icing,"15,000 mg/kg",numeric,56,257
,Silicates of,11.1.2,dextrose (icing,"15,000 mg/kg",numeric,,257
,PHOSPHATES,11.1.2,dextrose (icing,"6,600 mg/kg",numeric,"56,33",257
,SULFITES,11.1.2,dextrose (icing,20 mg/kg,numeric,44,257
551,"Silicon dioxide,",11.1.2,dextrose (icing,"15,000 mg/kg",numeric,56,257
,SULFITES,11.1.3,Soft white SULFITES,150 mg/kg,numeric,"44, 111",258
,SULFITES,11.1.3.1,Dried glucose SULFITES,20 mg/kg,numeric,"111,44",258
,SULFITES,11.1.3.2,Glucose syrup,20 mg/kg,numeric,"111,44",258
,SULFITES,11.1.5,"Plantation or
mill white
sugar
(plantation Plantation or SULFITES",70 mg/kg,numeric,44,258
,Sulfites,11.1.6,"Gur or
Jaggery Gur or",50 mg/kg,numeric,,259
,SULFITES,11.2,Brown sugar,40 mg/kg,numeric,44,259
,RIBOFLAVINS,11.3,Sugar,300 mg/kg,numeric,,259
,SULFITES,11.3,"inverted,",70 mg/kg,numeric,44,259
,"ASCORBYL
ESTERS",11.4,"Other sugars
and syrups
(e.g. xylose,
maple syrup,
sugar
toppings) Other sugars",200 mg/kg,numeric,10,260
950,"Acesulfame
potassium",11.4,"(e.g. xylose,","1,000 mg/kg",numeric,"159,
188",260
472a,"Acetic and fatty
acid esters of
glycerol",11.4,sugar,GMP,gmp,258,260
1422,"Acetylated
distarch adipate",11.4,sugar,GMP,gmp,258,260
1414,"Acetylated
distarch
phosphate",11.4,sugar,GMP,gmp,258,260
1401,"Acid-treated
starch",11.4,sugar,GMP,gmp,258,260
406,Agar,11.4,sugar,GMP,gmp,258,260
400,Alginic acid,11.4,sugar,GMP,gmp,258,260
1402,"Alkaline treated
starch",11.4,sugar,GMP,gmp,258,260
129,Allura red AC,11.4,sugar,200 mg/kg,numeric,,260
403,"Ammonium
alginate",11.4,sugar,GMP,gmp,258,260
951,Aspartame,11.4,sugar,"3,000 mg/kg",numeric,"159,
191",260
,BENZOATES,11.4,sugar,"1,000 mg/kg",numeric,13,260
,Bleached starch,11.4,sugar,GMP,gmp,258,260
,"CAROTENOID
S",11.4,sugar,50 mg/kg,numeric,217,260
,"CHLOROPHYL
LS AND
CHLOROPHYL",11.4,sugar,64 mg/kg,numeric,62,260
263,Calcium acetate,,,GMP,gmp,258,261
404,Calcium alginate,,,GMP,gmp,259,261
161g,Canthaxanthin,,,15 mg/kg,numeric,,261
150c,Caramel III -,,,"50,000 mg/kg",numeric,100,261
410,Carob bean gum,,,GMP,gmp,258,261
,"beta-Carotenes,",,,50 mg/kg,numeric,,261
407,Carrageenan,,,GMP,gmp,258,261
472c,Citric and fatty,,,GMP,gmp,258,261
1412,Distarch,,,GMP,gmp,258,261
418,Gellan gum,,,GMP,gmp,258,261
412,Guar gum,,,GMP,gmp,258,261
414,Gum arabic,,,GMP,gmp,258,261
,HYDROXYBEN,,,100 mg/kg,numeric,27,261
463,Hydroxypropyl,,,GMP,gmp,258,261
1442,Hydroxypropyl,,,GMP,gmp,258,261
464,Hydroxypropyl,,,GMP,gmp,258,261
1440,Hydroxypropyl,,,GMP,gmp,258,261
132,Indigotine,,,300 mg/kg,numeric,,262
416,Karaya gum,,,GMP,gmp,258,262
425,Konjac flour,,,GMP,gmp,258,262
472b,Lactic and fatty,,,GMP,gmp,258,262
,Lecithins,,Lecithins,GMP,gmp,258,262
504(i),Magnesium,,Lecithins,GMP,gmp,258,262
511,Magnesium,,Lecithins,GMP,gmp,258,262
528,Magnesium,,Lecithins,GMP,gmp,258,262
504(ii),Magnesium,,Lecithins,GMP,gmp,258,262
421,Mannitol,,Lecithins,GMP,gmp,258,262
461,Methyl cellulose,,Lecithins,GMP,gmp,258,262
465,Methyl ethyl,,Lecithins,GMP,gmp,258,262
460(i),Microcrystalline,,Lecithins,GMP,gmp,258,262
471,Mono- and di-,,Lecithins,GMP,gmp,258,262
1410,Monostarch,,Lecithins,GMP,gmp,258,262
961,Neotame,,Lecithins,70 mg/kg,numeric,159,262
1404,Oxidized starch,,Lecithins,GMP,gmp,258,262
,PHOSPHATES,,,"1,320 mg/kg",numeric,"56,33",263
440,Pectins,,,GMP,gmp,258,263
1413,Phosphated,,,GMP,gmp,258,263
1200,Polydextrose,,,GMP,gmp,258,263
124,Ponceau 4R,,Ponceau 4R,300 mg/kg,numeric,159,263
402,Potassium,,Ponceau 4R,GMP,gmp,258,263
332(i),Potassium,,Ponceau 4R,GMP,gmp,,263
460(ii),Powdered,,Ponceau 4R,GMP,gmp,258,263
407a,Processed,,Ponceau 4R,GMP,gmp,258,263
477,Propylene glycol,,Ponceau 4R,"5,000 mg/kg",numeric,,263
,RIBOFLAVINS,,Ponceau 4R,300 mg/kg,numeric,,263
,SACCHARINS,,Ponceau 4R,300 mg/kg,numeric,159,263
,SORBATES,,Ponceau 4R,"1,000 mg/kg",numeric,42,263
,SULFITES,,Ponceau 4R,40 mg/kg,numeric,44,263
470(i),"Salts of myristic,",,Ponceau 4R,GMP,gmp,"71, 258",263
470(ii),Salts of oleic acid,,,GMP,gmp,258,264
401,Sodium alginate,,,GMP,gmp,258,264
466,Carboxymethyl,,,GMP,gmp,258,264
331(i),Sodium,,,GMP,gmp,258,264
1405,"Starches, enzyme",,,GMP,gmp,258,264
955,Sucralose,,,"1,500 mg/kg",numeric,"159,",264
413,Tragacanth gum,,,GMP,gmp,258,264
332(ii),Tripotassium,,,GMP,gmp,258,264
,331(iii,,Trisodium citrate Trisodium citrate,GMP,gmp,258,264
415,Xanthan gum,,Trisodium citrate Trisodium citrate,GMP,gmp,258,264
955,Sucralose,,(saccharin,GMP,gmp,,264
950,"Acesulfame
potassium",,"acesulfame
potassium,
sucralose) acesulfame",GMP,gmp,188,265
951,Aspartame,,"acesulfame
potassium,
sucralose) acesulfame",GMP,gmp,191,265
962,"Aspartame-
acesulfame salt",,"acesulfame
potassium,
sucralose) acesulfame",GMP,gmp,,265
,BENZOATES,,"acesulfame
potassium,
sucralose) acesulfame","2,000 mg/kg",numeric,13,265
150d,"Caramel IV –
sulfite ammonia
caramel",,"acesulfame
potassium,
sucralose) acesulfame","1,200 mg/kg",numeric,213,265
,"ETHYLENE
DIAMINE
TETRA
ACETATES",,"acesulfame
potassium,
sucralose) acesulfame","1,000 mg/kg",numeric,"96,21",265
961,Neotame,,"acesulfame
potassium,
sucralose) acesulfame",GMP,gmp,,265
,PHOSPHATES,,"acesulfame
potassium,
sucralose) acesulfame","1,000 mg/kg",numeric,"56 ,33",265
1521,"Polyethylene
glycol",,"acesulfame
potassium,
sucralose) acesulfame","10,000 mg/kg",numeric,,265
1201,"Polyvinylpyrrolid
one",,"acesulfame
potassium,
sucralose) acesulfame","3,000 mg/kg",numeric,,265
,SACCHARINS,,"acesulfame
potassium,
sucralose) acesulfame",GMP,gmp,,265
,SORBATES,,"acesulfame
potassium,
sucralose) acesulfame","1,000 mg/kg",numeric,"42,192",265
170(i),Calcium,12.1.1,"Salt
(including
edible
common salt,
iron fortified
salt, iodized
salt)*",20 g/kg,numeric,,266
552,Calcium silicate,12.1.1,"Salt
(including
edible
common salt,
iron fortified
salt, iodized
salt)*",20 g/kg,numeric,,266
,FERROCYANI,12.1.1,"Salt
(including
edible
common salt,
iron fortified
salt, iodized
salt)*",10 mg/kg,numeric,"24, 107",266
504(i),Magnesium,12.1.1,"Salt
(including
edible
common salt,
iron fortified
salt, iodized
salt)*",20 g/kg,numeric,,266
530,Magnesium oxide,12.1.1,"Salt
(including
edible
common salt,
iron fortified
salt, iodized
salt)*",GMP,gmp,,266
553(i),Magnesium,12.1.1,"Salt
(including
edible
common salt,
iron fortified
salt, iodized
salt)*",20 g/kg,numeric,,266
,PHOSPHATES,12.1.1,"Salt
(including
edible
common salt,
iron fortified
salt, iodized
salt)*","8,800 mg/kg",numeric,33,266
,"POLYSORBAT
ES",12.1.1,"Salt
(including
edible
common salt,
iron fortified
salt, iodized
salt)*",10 mg/kg,numeric,,266
470(i),"Salts of myristic,",12.1.1,"Salt
(including
edible
common salt,
iron fortified
salt, iodized
salt)*",20 g/kg,numeric,71,266
551,Silicon dioxide,12.1.1,"Salt
(including
edible
common salt,
iron fortified
salt, iodized
salt)*",GMP,gmp,,266
554,Sodium,12.1.1,"Salt
(including
edible
common salt,
iron fortified
salt, iodized
salt)*","1,000 mg/kg",numeric,"6,254",266
,ETHYLENE,,,50 mg/kg,numeric,,267
355,Adipic acid,,,250 mg/kg,numeric,,267
464,Hydroxy propyl,,,GMP,gmp,,267
171,Titanium dioxide,,,GMP,gmp,,267
472e,"Diacetyl tartaric
and fatty acid
esters of glycerol",12.1.2,"Salt
substitutes","16,000 mg/kg",numeric,,267
,"FERROCYANI
DES",12.1.2,"Salt
substitutes",20 mg/kg,numeric,24,267
,PHOSPHATES,12.1.2,"Salt
substitutes","4,400 mg/kg",numeric,,267
327,Calcium lactate,12.1.2,"Salt
substitutes",GMP,gmp,,267
330,Citric acid,12.1.2,"Salt
substitutes",GMP,gmp,,267
297,Fumaric acid,12.1.2,"Salt
substitutes",GMP,gmp,,267
270,"Lactic acid, L-,",12.1.2,"Salt
substitutes",GMP,gmp,,267
528,Magnesium,12.1.2,"Salt
substitutes",GMP,gmp,,267
504(ii),Magnesium,12.1.2,"Salt
substitutes",GMP,gmp,,267
296,"Malic acid, dl-",12.1.2,"Salt
substitutes",GMP,gmp,,267
332(i),Potassium,12.1.2,"Salt
substitutes",GMP,gmp,,267
262(i),Sodium acetate,,,GMP,gmp,,268
500(i),Sodium carbonate,,,GMP,gmp,,268
331(i),Sodium,,,GMP,gmp,,268
365,Sodium fumarates,,,GMP,gmp,,268
332(i),Tripotassium,,,GMP,gmp,,268
,331(iii,,Trisodium citrate Trisodium citrate,GMP,gmp,,268
,"ASCORBYL
ESTERS",12.2,"Herbs,
spices,
seasonings
and
condiments
(e.g.
seasoning for
instant
noodles)",500 mg/kg,numeric,10,268
950,Acesulfame K,12.2,"Herbs,
spices,
seasonings
and
condiments
(e.g.
seasoning for
instant
noodles)","2,000 mg/kg",numeric,188,268
320,"Butylated
hydroxyanisole
(BHA)",12.2,"Herbs,
spices,
seasonings
and
condiments
(e.g.
seasoning for
instant
noodles)",200 mg/kg,numeric,"15, 130",268
321,"Butylated
hydroxytoluene
(BHT)",12.2,"Herbs,
spices,
seasonings
and
condiments
(e.g.
seasoning for
instant
noodles)",200 mg/kg,numeric,"15, 130",268
,"ETHYLENE
DIAMINE
TETRA
ACETATES
(EDTA)",12.2,"Herbs,
spices,
seasonings
and
condiments
(e.g.
seasoning for
instant
noodles)",70 mg/kg,numeric,21,268
961,Neotame,12.2,"Herbs,
spices,
seasonings
and
condiments
(e.g.
seasoning for
instant
noodles)",32 mg/kg,numeric,,268
310,Propyl gallate,12.2,"Herbs,
spices,
seasonings
and
condiments
(e.g.
seasoning for
instant
noodles)",200 mg/kg,numeric,"15, 130",268
,SORBATES,12.2,"Herbs,
spices,
seasonings
and
condiments
(e.g.
seasoning for
instant
noodles)","1,000 mg/kg",numeric,42,268
319,"Tertiary butyl
hydroquinone",12.2,"Herbs,
spices,
seasonings
and
condiments
(e.g.
seasoning for
instant
noodles)",200 mg/kg,numeric,,268
,"POLYSORBAT
ES",12.2.1,"Herbs,
spices,","2,000 mg/kg",numeric,,268
,SULFITES,,"masalas,
spice
mixtures
including
oleoresins or
extracts/deri
vatives
thereof",150 mg/kg,numeric,,269
,BENZOATES,12.2.2,"Seasonings
and
condiments","1,000 mg/kg",numeric,13,269
951,Aspartame,12.2.2,"Seasonings
and
condiments","2,000 mg/kg",numeric,,269
100,Curcumin,12.2.2,"Seasonings
and
condiments",GMP,gmp,,269
,"FERROCYANI
DES",12.2.2,"Seasonings
and
condiments",20 mg/kg,numeric,24,269
243,"Lauric arginate
ethyl ester",12.2.2,"Seasonings
and
condiments",200 mg/kg,numeric,,269
,PHOSPHATES,12.2.2,"Seasonings
and
condiments","2,200 mg/kg",numeric,,269
,"POLYSORBAT
ES",12.2.2,"Seasonings
and
condiments","5,000 mg/kg",numeric,,269
,SACCHARINS,12.2.2,"Seasonings
and
condiments","1,500 mg/kg",numeric,,269
955,Sucralose,12.2.2,"Seasonings
and
condiments",700 mg/kg,numeric,,269
,SULFITES,12.2.2,"Seasonings
and
condiments",200 mg/kg,numeric,44,269
334,Tartaric acid,12.2.2,"Seasonings
and
condiments",GMP,gmp,,269
150d,"Caramel IV –
sulfite ammonia
caramel",12.2.2,"Seasonings
and
condiments","10,000 mg/kg",numeric,,269
,Paprika oleoresin,12.2.2,"Seasonings
and
condiments",GMP,gmp,,269
210,BENZOATES,12.3,Vinegars,"1,000 mg/kg",numeric,,270
150c,Caramel III -,12.3,Vinegars,GMP,gmp,,270
150d,Caramel IV –,12.3,Vinegars,GMP,gmp,,270
,"HYDROXYBEN
ZOATES,
PARA-",12.3,Vinegars,100 mg/kg,numeric,,270
1201,"Polyvinylpyrrolid
one",12.3,Vinegars,40 mg/kg,numeric,,270
,SULFITES,12.3,Vinegars,100 mg/kg,numeric,,270
,ASCORBYL,12.4,Mustards,500 mg/kg,numeric,,270
,"ETHYLENE
DIAMINE
TETRA
ACETATES
(EDTA)",12.4,Mustards,50 mg/kg,numeric,,270
950,"Acesulfame
potassium",12.4,Mustards,350 mg/kg,numeric,,270
129,Allura red AC,12.4,Mustards,100 mg/kg,numeric,,270
951,Aspartame,12.4,Mustards,350 mg/kg,numeric,191,270
,BENZOATES,12.4,Mustards,"1,000 mg/kg",numeric,,270
133,"Brilliant blue
FCF",12.4,Mustards,100 mg/kg,numeric,,270
,"CAROTENOID
S",12.4,Mustards,300 mg/kg,numeric,,270
,"CHLOROPHYL
LS AND
CHLOROPHYL
LINS, COPPER
COMPLEXES",,,500 mg/kg,numeric,,271
150c,"Caramel III -
ammonia caramel",,,"50,000 mg/kg",numeric,,271
150d,"Caramel IV –
sulfiteammonia
caramel",,,"50,000 mg/kg",numeric,,271
,"beta-Carotenes,
vegetable",,,"1,000 mg/kg",numeric,,271
472e,"Diacetyltartaric
and fatty acid
esters of glycerol",,,"10,000 mg/kg",numeric,,271
,"ETHYLENE
DIAMINE
TETRA
ACETATES",,,75 mg/kg,numeric,,271
163(ii),"Grape skin
extract",,,200 mg/kg,numeric,,271
,"HYDROXYBEN
ZOATES,
PARA-",,,300 mg/kg,numeric,,271
132,"Indigotine (Indigo
carmine)",,,100 mg/kg,numeric,,271
961,Neotame,,,12 mg/kg,numeric,,271
124,Ponceau 4R,,,100 mg/kg,numeric,,271
,RIBOFLAVINS,,,300 mg/kg,numeric,,271
,SACCHARINS,,,320 mg/kg,numeric,,271
,SORBATES,,,"1,000 mg/kg",numeric,,271
,SULFITES,,,250 mg/kg,numeric,,272
955,"Sucralose
(Trichlorogalacto
sucrose)",,,140 mg/kg,numeric,,272
110,"Sunset yellow
FCF",,,100 mg/kg,numeric,,272
319,"Tertiary
butylhydroquinon
e (TBHQ)",,,200 mg/kg,numeric,,272
,"ASCORBYL
ESTERS",12.5,"Soups and
broths",200 mg/kg,numeric,,272
950,"Acesulfame
potassium",12.5,"Soups and
broths",110 mg/kg,numeric,,272
129,Allura red AC,12.5,"Soups and
broths",100 mg/kg,numeric,,272
951,Aspartame,12.5,"Soups and
broths","1,200 mg/kg",numeric,,272
,BENZOATES,12.5,"Soups and
broths",500 mg/kg,numeric,,272
,Brilliant blue,12.5,"Soups and
broths",100 mg/kg,numeric,,272
320,Butylated,12.5,"Soups and
broths",200 mg/kg,numeric,"15, 130",272
321,Butylated,12.5,"Soups and
broths",100 mg/kg,numeric,"15,
130,340",272
,"CAROTENOID
S",12.5,"Soups and
broths",300 mg/kg,numeric,,272
,"CHLOROPHYL
LS AND",12.5,"Soups and
broths",400 mg/kg,numeric,,272
150c,"Caramel III -
ammonia caramel",,,"25,000 mg/kg",numeric,,273
150d,"Caramel IV –
sulfiteammonia
caramel",,,"25,000 mg/kg",numeric,,273
,"beta-Carotenes,
vegetable",,,"1,000 mg/kg",numeric,,273
472e,"Diacetyltartaric
and fatty acid
esters of glycerol",,,"5,000 mg/kg",numeric,,273
163(ii),"Grape skin
extract",,,500 mg/kg,numeric,,273
,IRON OXIDES,,,100 mg/kg,numeric,,273
132,Indigotine (Indigo,,,100 mg/kg,numeric,,273
961,Neotame,,,20 mg/kg,numeric,,273
,PHOSPHATES,,,"1,500 mg/kg",numeric,,273
310,Propyl gallate,,,200 mg/kg,numeric,,273
,RIBOFLAVINS,,,GMP,gmp,,273
,SACCHARINS,,,110 mg/kg,numeric,,273
,SORBATES,,,"1,000 mg/kg",numeric,,273
955,"Sucralose
(Trichlorogalacto
sucrose)",,,600 mg/kg,numeric,,273
474,Sucroglycerides,,,"2,000 mg/kg",numeric,,273
110,Sunset yellow,,,100 mg/kg,numeric,,273
319,Tertiary,,,200 mg/kg,numeric,,273
900a,Polydimethylsilo,,,10 mg/kg,numeric,,274
,POLYSORBAT,,,"1,000 mg/kg",numeric,,274
124,Ponceau 4R,,,50 mg/kg,numeric,,274
334,Tartaric acid,,,GMP,gmp,,274
100,Curcumin,,,GMP,gmp,,274
161g,Canthaxanthin,,,GMP,gmp,,274
160b,Annatto,,Annatto,GMP,gmp,,274
,Saffron,,Annatto,GMP,gmp,,274
220,Sulphur dioxide,,Annatto,150 mg/kg,numeric,,274
133,"Brilliant blue
FCF",12.5.1,"Ready-to-eat
soups and
broths
including
canned,
bottled, and
frozen",50 mg/kg,numeric,,274
132,"Indigotine (Indigo
carmine)",12.5.1,"Ready-to-eat
soups and
broths
including
canned,
bottled, and
frozen",50 mg/kg,numeric,,274
243,"Lauric arginate
ethyl ester",12.5.1,"Ready-to-eat
soups and
broths
including
canned,
bottled, and
frozen",200 mg/kg,numeric,,274
,RIBOFLAVINS,12.5.1,"Ready-to-eat
soups and
broths
including
canned,
bottled, and
frozen",200 mg/kg,numeric,,274
110,"Sunset yellow
FCF",12.5.1,"Ready-to-eat
soups and
broths
including
canned,
bottled, and
frozen",50 mg/kg,numeric,,274
,CAROTENOID,12.5.2,"Mixes for
soups and
broths",200 mg/kg,numeric,,274
,CHLOROPHYL,12.5.2,"Mixes for
soups and
broths",GMP,gmp,,274
161g,Canthaxanthin,12.5.2,"Mixes for
soups and
broths",GMP,gmp,,274
960,Steviol glycosides,,,50 mg/kg,numeric,,275
132,"Indigotine (Indigo
carmine)",,,50 mg/kg,numeric,,275
243,"Lauric arginate
ethyl ester",,,200 mg/kg,numeric,127,275
554,Sodium,,,570 mg/kg,numeric,6,275
955,Sucralose,,,50 mg/kg,numeric,,275
220,Sulphur dioxide,,Sulphur dioxide,350 mg/kg,numeric,,275
334,Tartaric acid,,Sulphur dioxide,"1,500 mg/kg",numeric,,275
100,Curcumin,,Sulphur dioxide,GMP,gmp,,275
950,"Acesulfame
potassium",12.6,"Sauces and
like products","1,000 mg/kg",numeric,,275
132,Indigotine (indigo,12.6,"Sauces and
like products",100 mg/kg,numeric,,275
129,Allura red AC,12.6,Allura red AC,100 mg/kg,numeric,,275
320,Butylated,12.6,Allura red AC,200 mg/kg,numeric,"15, 130",275
321,Butylated,12.6,Allura red AC,100 mg/kg,numeric,"15, 130",275
,BENZOATES,,,"1,000 mg/kg",numeric,,276
133,Brilliant blue,,,100 mg/kg,numeric,,276
,CAROTENOID,,,500 mg/kg,numeric,,276
,CHLOROPHYL,,,100 mg/kg,numeric,,276
161g,Canthaxanthin,,,30 mg/kg,numeric,,276
150c,Caramel III -,,,"50,000 mg/kg",numeric,,276
150d,Caramel IV –,,,"30,000 mg/kg",numeric,,276
314,Guaiac resin,,,600 mg/kg,numeric,,276
,HYDROXYBEN,,,"1,000 mg/kg",numeric,,276
,IRON OXIDES,,,75 mg/kg,numeric,,276
,PHOSPHATES,,,300 mg/kg,numeric,,276
124,Ponceau 4R,,,50 mg/kg,numeric,,276
310,Propyl gallate,,,200 mg/kg,numeric,,276
,RIBOFLAVINS,,,350 mg/kg,numeric,,276
,SACCHARINS,,,160 mg/kg,numeric,,276
,SULFITES,,,300 mg/kg,numeric,,276
955,"Sucralose
(Trichlorogalacto
sucrose)",,,450 mg/kg,numeric,,276
474,Sucroglycerides,,,"10,000 mg/kg",numeric,,276
110,"Sunset yellow
FCF",,,100 mg/kg,numeric,,277
319,Tertiary,,,200 mg/kg,numeric,,277
,L-Tartaric acid,,,GMP,gmp,,277
,Dimethyl,,,GMP,gmp,,277
405,Propylene,,,200 mg/kg,numeric,,277
,ASCORBYL,12.6.1,"Emulsified
sauces and
dips (e.g.
mayonnaise,
sald
dressings,
onion dips)",500 mg/kg,numeric,"10, 15",277
,"beta-Carotenes,",12.6.1,"Emulsified
sauces and
dips (e.g.
mayonnaise,
sald
dressings,
onion dips)","2,000 mg/kg",numeric,,277
,ETHYLENE,12.6.1,"Emulsified
sauces and
dips (e.g.
mayonnaise,
sald
dressings,
onion dips)",100 mg/kg,numeric,,277
143,Fast green FCF,12.6.1,"Emulsified
sauces and
dips (e.g.
mayonnaise,
sald
dressings,
onion dips)",100 mg/kg,numeric,,277
163(ii),Grape skin,12.6.1,"Emulsified
sauces and
dips (e.g.
mayonnaise,
sald
dressings,
onion dips)",300 mg/kg,numeric,,277
243,Lauric arginate,12.6.1,"Emulsified
sauces and
dips (e.g.
mayonnaise,
sald
dressings,
onion dips)",200 mg/kg,numeric,,277
961,Neotame,12.6.1,"Emulsified
sauces and
dips (e.g.
mayonnaise,
sald
dressings,
onion dips)",65 mg/kg,numeric,,277
,PHOSPHATES,12.6.1,"Emulsified
sauces and
dips (e.g.
mayonnaise,
sald
dressings,
onion dips)","2,200 mg/kg",numeric,,277
,POLYSORBAT,12.6.1,"Emulsified
sauces and
dips (e.g.
mayonnaise,
sald
dressings,
onion dips)","3,000 mg/kg",numeric,,277
,SORBATES,12.6.1,"Emulsified
sauces and
dips (e.g.
mayonnaise,
sald
dressings,
onion dips)","1,000 mg/kg",numeric,,277
,Annatto,12.6.1,Annatto,GMP,gmp,,277
960,Steviol glycosides,12.6.1,Annatto,350 mg/kg,numeric,,277
,Paprika oleoresin,,,GMP,gmp,,278
,ASCORBYL,12.6.2,"Non
emulsified
sauces (e.g
ketchup,
cheese sauce,
cream sauce,
brown gravy)",500 mg/kg,numeric,10,278
,"beta-Carotenes,",12.6.2,"Non
emulsified
sauces (e.g
ketchup,
cheese sauce,
cream sauce,
brown gravy)","2,000 mg/kg",numeric,,278
,ETHYLENE,12.6.2,"Non
emulsified
sauces (e.g
ketchup,
cheese sauce,
cream sauce,
brown gravy)",75 mg/kg,numeric,21,278
163(ii),Grape skin,12.6.2,"Non
emulsified
sauces (e.g
ketchup,
cheese sauce,
cream sauce,
brown gravy)",300 mg/kg,numeric,,278
,Annatto,12.6.2,Annatto,GMP,gmp,,278
960,Steviol glycosides,12.6.2,Annatto,350 mg/kg,numeric,,278
,Paprika oleoresin,12.6.2,Paprika oleoresin,GMP,gmp,,278
243,Lauric arginate,12.6.2,Paprika oleoresin,200 mg/kg,numeric,,278
961,Neotame,12.6.2,Paprika oleoresin,70 mg/kg,numeric,,278
,PHOSPHATES,12.6.2,PHOSPHATES,"2,200 mg/kg",numeric,,278
,POLYSORBAT,12.6.2,PHOSPHATES,"5,000 mg/kg",numeric,,278
,SORBATES,12.6.2,SORBATES,"1,000 mg/kg",numeric,"42,127",278
,"ASCORBYL
ESTERS",12.6.3,"Mixes for
sauces and
gravies",200 mg/kg,numeric,10,278
100,Curcumin,12.6.3,"Mixes for
sauces and
gravies",GMP,gmp,,278
,Annatto,12.6.3,Annatto,GMP,gmp,,278
960,Steviol glycosides,,,350 mg/kg,numeric,,279
,"beta-Carotenes,",,,"2,000 mg/kg",numeric,,279
163(ii),Grape skin,,,300 mg/kg,numeric,,279
961,Neotame,,,12 mg/kg,numeric,,279
,PHOSPHATES,,PHOSPHATES,"2,200 mg/kg",numeric,,279
,POLYSORBAT,,PHOSPHATES,"5,000 mg/kg",numeric,,279
,SORBATES,,PHOSPHATES,"1,000 mg/kg",numeric,,279
554,Sodium,,PHOSPHATES,570 mg/kg,numeric,,279
,ASCORBYL,12.6.4,"Clear sauces ASCORBYL
ESTERS",200 mg/kg,numeric,10,279
951,Aspartame,12.6.4,"Clear sauces ASCORBYL
ESTERS",200 mg/kg,numeric,,279
961,Neotame,12.6.4,"Clear sauces ASCORBYL
ESTERS",12 mg/kg,numeric,,279
,PHOSPHATES,12.6.4,"Clear sauces ASCORBYL
ESTERS","2,200 mg/kg",numeric,,279
,"POLYSORBAT
ES",12.6.4,"Clear sauces ASCORBYL
ESTERS","5,000 mg/kg",numeric,,279
,SORBATES,12.6.4,"Clear sauces ASCORBYL
ESTERS","1,000 mg/kg",numeric,,279
960,Steviol glycosides,12.6.4,"Clear sauces ASCORBYL
ESTERS",350 mg/kg,numeric,,279
950,Acesulfame,12.7,"Salads (e.g.
macaroni
salad, potato
salad) and
sandwich
spreads
excluding
cocoa-and
nut-based",350 mg/kg,numeric,,279
,ASCORBYL,12.7,"Salads (e.g.
macaroni
salad, potato
salad) and
sandwich
spreads
excluding
cocoa-and
nut-based",200 mg/kg,numeric,10,279
951,Aspartame,12.7,"Salads (e.g.
macaroni
salad, potato
salad) and
sandwich
spreads
excluding
cocoa-and
nut-based",350 mg/kg,numeric,,279
,BENZOATES,12.7,"Salads (e.g.
macaroni
salad, potato
salad) and
sandwich
spreads
excluding
cocoa-and
nut-based","1,500 mg/kg",numeric,,279
,CAROTENOID,12.7,"Salads (e.g.
macaroni
salad, potato
salad) and
sandwich
spreads
excluding
cocoa-and
nut-based",50 mg/kg,numeric,,279
150c,Caramel III -,12.7,"Salads (e.g.
macaroni
salad, potato
salad) and
sandwich
spreads
excluding
cocoa-and
nut-based","50,000 mg/kg",numeric,,279
150d,Caramel IV –,,,"50,000 mg/kg",numeric,,280
,"beta-Carotenes,",,,"1,000 mg/kg",numeric,,280
,ETHYLENE,,,100 mg/kg,numeric,,280
163(ii),Grape skin,,,"1,500 mg/kg",numeric,,280
243,Lauric arginate,,,200 mg/kg,numeric,,280
961,Neotame,,,33 mg/kg,numeric,,280
,POLYSORBAT,,,"2,000 mg/kg",numeric,,280
124,Ponceau 4R,,,100 mg/kg,numeric,,280
,SACCHARINS,,,200 mg/kg,numeric,,280
,SORBATES,,,"1,500 mg/kg",numeric,,280
960,Steviol glycosides,,,115 mg/kg,numeric,,280
955,"Sucralose
(Trichlorogalacto
sucrose)",,,"1,250 mg/kg",numeric,,280
320,"Butylated
hydroxyanisole
(BHA)",12.8,"Yeast and
like products",200 mg/kg,numeric,15,280
491,"Sorbitan
monostearate",12.8,"Yeast and
like products","10,000 mg/kg",numeric,,280
,PHOSPHATES,12.9,"Soybean-
based
seasonings
and
condiments","1,200 mg/kg",numeric,,281
,RIBOFLAVINS,12.9.1,"Fermented
soybean
paste",30 mg/kg,numeric,,281
,SACCHARINS,12.9.1,"Fermented
soybean
paste",200 mg/kg,numeric,,281
,SORBATES,12.9.1,"Fermented
soybean
paste","1,000 mg/kg",numeric,,281
,"BENZOATES
[This amendment",12.9.2,"Soybean
sauce",750 mg/kg,numeric,,281
150c,"Caramel III -
ammonia caramel",12.9.2.1,"Fermented
soybean
sauce","20,000 mg/kg",numeric,207,281
150d,"Caramel IV –
sulfiteammonia
caramel",12.9.2.1,"Fermented
soybean
sauce","60,000 mg/kg",numeric,,281
,SACCHARINS,12.9.2.1,"Fermented
soybean
sauce",500 mg/kg,numeric,,281
,SORBATES,12.9.2.1,"Fermented
soybean
sauce","1,000 mg/kg",numeric,42,281
960,Steviol glycosides,12.9.2.1,"Fermented
soybean
sauce",30 mg/kg,numeric,26,281
150c,"Caramel III -
ammonia caramel",12.9.2.2,"Non-
fermented
soybean
sauce","1,500 mg/kg",numeric,,281
960,Steviol glycosides,12.9.2.2,"Non-
fermented
soybean
sauce",165 mg/kg,numeric,26,281
150c,"Caramel III -
ammonia caramel",12.9.2.3,"Other
soybean
sauces","20,000 mg/kg",numeric,,281
,SORBATES,12.9.2.3,"Other
soybean
sauces","1,000 mg/kg",numeric,42,281
960,Steviol glycosides,12.9.2.3,"Other
soybean
sauces",165 mg/kg,numeric,26,281
300,"Ascorbic acid,",14.1.2.1,"Fruit juices
(fruit juices for
industrial use,
thermally
processed fruits
juices) Fruit juices",GMP,gmp,,284
302,Calcium,14.1.2.1,"industrial use,",GMP,gmp,,284
290,Carbon dioxide,14.1.2.1,processed fruits,GMP,gmp,69,284
,BENZOATES,14.1.2.1,juices),"1,000 mg/kg",numeric,"91,13",284
330,Citric acid,14.1.2.1,juices),GMP,gmp,,284
296,"Malic acid, DL-",14.1.2.1,juices),GMP,gmp,115,284
941,Nitrogen,14.1.2.1,juices),GMP,gmp,,284
,PHOSPHATES,14.1.2.1,juices),"1,000 mg/kg",numeric,"40, 33",284
440,Pectins,14.1.2.1,juices),GMP,gmp,35,284
,SORBATES,14.1.2.1,juices),"1,000 mg/kg",numeric,"91,42",284
,SULFITES,14.1.2.1,SULFITES,50 mg/kg,numeric,44,284
301,Sodium,,,GMP,gmp,,285
,TARTRATES,,,"4,000 mg/kg",numeric,45,285
400,Alginic acid,,,GMP,gmp,,285
401,Sodium alginate,,,GMP,gmp,,285
404,Calcium alginate,,,GMP,gmp,,285
405,Propylene glycol,,,GMP,gmp,,285
414,Gum arabic,,,GMP,gmp,,285
402,Potassium,,,GMP,gmp,,285
440,Pectins,,,GMP,gmp,,285
,445(iii,,Glycerol ester,100 mg/kg,numeric,,285
400,Alginic acid,,Glycerol ester,GMP,gmp,,285
418,Gellan gum,,Glycerol ester,GMP,gmp,,285
260,Acetic acid,,Glycerol ester,GMP,gmp,,285
270,Lactic acid,,Glycerol ester,GMP,gmp,,285
334,L-Tartaric acid,,Glycerol ester,GMP,gmp,,285
918,Nitrogen,,Glycerol ester,GMP,gmp,,285
290,Carbon dioxide,,Glycerol ester,GMP,gmp,,285
300,"Ascorbic acid,",14.1.2.2,"Vegetable
juices(vegetable
juices for
industrial use,
thermally
processed
vegetable
juices,
thermally
processed
tomato juice)",GMP,gmp,,285
330,Citric acid,14.1.2.2,"Vegetable
juices(vegetable
juices for
industrial use,
thermally
processed
vegetable
juices,
thermally
processed
tomato juice)",GMP,gmp,,285
290,Carbon dioxide,14.1.2.2,"Vegetable
juices(vegetable
juices for
industrial use,
thermally
processed
vegetable
juices,
thermally
processed
tomato juice)",GMP,gmp,,285
296,"Malic acid, DL-",14.1.2.2,"Vegetable
juices(vegetable
juices for
industrial use,
thermally
processed
vegetable
juices,
thermally
processed
tomato juice)",GMP,gmp,,285
,SULFITES,14.1.2.2,SULFITES,50 mg/kg,numeric,44,285
270,Lactic acid,,,GMP,gmp,,286
400,Alginic acid,,,GMP,gmp,,286
334,L-Tartaric acid,,,GMP,gmp,,286
,PHOSPHATES,,,GMP,gmp,33,286
955,Sucralose,,,250 mg/kg,numeric,,286
941,Nitrogen,,,GMP,gmp,,286
,TOCOPHERO,,,GMP,gmp,,286
260,Acetic acid,,,GMP,gmp,,286
,BENZOATES,,,600 mg/kg,numeric,13,286
220,Sulphur,,,"1,000 mg/kg",numeric,,286
300,"Ascorbic acid,",14.1.2.3,"Concentrates of
fruitjuices
(concentrated
fruit juices for
industrial use)",GMP,gmp,127,286
260,Acetic acid,14.1.2.3,"Concentrates of
fruitjuices
(concentrated
fruit juices for
industrial use)",GMP,gmp,,286
,BENZOATES,14.1.2.3,BENZOATES,"1,000 mg/kg",numeric,"13, 127,",286
302,Calcium,14.1.2.3,BENZOATES,GMP,gmp,127,286
290,Carbon dioxide,14.1.2.3,BENZOATES,GMP,gmp,"69, 127",286
330,Citric acid,14.1.2.3,BENZOATES,GMP,gmp,127,286
296,"Malic acid, DL-",14.1.2.3,BENZOATES,GMP,gmp,127,286
270,Lactic acid,14.1.2.3,BENZOATES,GMP,gmp,127,286
,PHOSPHATES,14.1.2.3,PHOSPHATES,"1,000 mg/kg",numeric,"127, 33,",286
440,Pectins,14.1.2.3,PHOSPHATES,GMP,gmp,"35, 127",286
,SORBATES,,,"1,000 mg/kg",numeric,"127, 91,",287
,SULFITES,,,50 mg/kg,numeric,"44, 127",287
301,Sodium,,,GMP,gmp,127,287
,TARTRATES,,TARTRATES,"4,000 mg/kg",numeric,"129, 128,",287
900a,Dimethyl,,TARTRATES,10 mg/kg,numeric,,287
471,Mono-and,,TARTRATES,10 mg/kg,numeric,,287
918,Nitrogen,,TARTRATES,GMP,gmp,,287
400,Alginic acid,,TARTRATES,GMP,gmp,,287
260,Acetic acid,,TARTRATES,GMP,gmp,,287
300,"Ascorbic acid,",14.1.2.4,"Concentrates of
vegetable juices
(concentrated
vegetable
Juices for
industrial use)",GMP,gmp,,287
330,Citric acid,14.1.2.4,"Concentrates of
vegetable juices
(concentrated
vegetable
Juices for
industrial use)",GMP,gmp,,287
955,Sucralose,14.1.2.4,"Concentrates of
vegetable juices
(concentrated
vegetable
Juices for
industrial use)","1,250 mg/kg",numeric,127,287
270,Lactic acid,14.1.2.4,"Concentrates of
vegetable juices
(concentrated
vegetable
Juices for
industrial use)",GMP,gmp,,287
900a,Dimethylpolysil,14.1.2.4,"Concentrates of
vegetable juices
(concentrated
vegetable
Juices for
industrial use)",10 mg/kg,numeric,127,287
471,Mono-and,14.1.2.4,"Concentrates of
vegetable juices
(concentrated
vegetable
Juices for
industrial use)",10 mg/kg,numeric,127,287
941,Nitrogen,14.1.2.4,Nitrogen,GMP,gmp,,287
290,Carbon dioxide,14.1.2.4,Nitrogen,GMP,gmp,,287
296,Malic acid – DL,14.1.2.4,Nitrogen,GMP,gmp,,287
,SULFITES,14.1.2.4,SULFITES,50 mg/kg,numeric,"44, 127",287
400,Alginic acid,,,GMP,gmp,,288
260,Acetic acid,,,GMP,gmp,,288
,BENZOATES,,,600 mg/kg,numeric,13,288
,SORBATES,,,100 mg/kg,numeric,"42,127",288
960,Steviol,14.1.3,"Fruit and Steviol
glycosides",200 mg/kg,numeric,26,288
950,Acesulfame,14.1.3.1,Fruit nectar Fruit nectar,350 mg/kg,numeric,188,288
300,"Ascorbic acid,",14.1.3.1,Fruit nectar Fruit nectar,GMP,gmp,,288
951,Aspartame,,,600 mg/kg,numeric,191,289
302,Calcium,,,GMP,gmp,,289
,BENZOATES,,,"1,000 mg/kg",numeric,"91, 13",289
290,Carbon dioxide,,,GMP,gmp,69,289
330,Citric acid,,,GMP,gmp,,289
296,"Malic acid, DL-",,,GMP,gmp,,289
,PHOSPHATES,,,"1,000 mg/kg",numeric,"40,33",289
440,Pectins,,,GMP,gmp,,289
,SACCHARINS,,,80 mg/kg,numeric,,289
301,Sodium,,,GMP,gmp,,289
,SORBATES,,,"1,000 mg/kg",numeric,"42, 91",289
,SULFITES,,,70 mg/kg,numeric,44,289
955,Sucralose,,,300 mg/kg,numeric,,289
,TARTRATES,,,"4,000 mg/kg",numeric,"128, 45",289
400,Alginic acid,,,GMP,gmp,,289
401,Sodium alginate,,,GMP,gmp,,289
404,Calcium alginate,,,GMP,gmp,,289
405,Propylene glycol,,,GMP,gmp,,289
140,Chlorophylls,,,100 mg/kg,numeric,,289
150a,Caramel,,,100 mg/kg,numeric,,289
100,Curcumin,,,100 mg/kg,numeric,,289
,"beta-Carotenes,",,,100 mg/kg,numeric,,289
,CAROTENOI,,,100 mg/kg,numeric,,289
161g,Canthaxanthin,,,100 mg/kg,numeric,,289
,RIBOFLAVIN,,,100 mg/kg,numeric,,289
,Annatto,,Annatto,100 mg/kg,numeric,,289
,Saffron,,Annatto,GMP,gmp,,289
950,Acesulfame,14.1.3.2,"Vegetable
nectar",350 mg/kg,numeric,188,290
300,"Ascorbic acid,",14.1.3.2,"Vegetable
nectar",GMP,gmp,,290
951,Aspartame,14.1.3.2,"Vegetable
nectar",600 mg/kg,numeric,191,290
,BENZOATES,14.1.3.2,"Vegetable
nectar",120 mg/kg,numeric,13,290
330,Citric acid,14.1.3.2,"Vegetable
nectar",GMP,gmp,,290
100,Curcumin,14.1.3.2,"Vegetable
nectar",100 mg/kg,numeric,,290
296,"Malic acid, DL-",14.1.3.2,"Vegetable
nectar",GMP,gmp,,290
961,Neotame,14.1.3.2,"Vegetable
nectar",65 mg/kg,numeric,,290
440,Pectins,14.1.3.2,"Vegetable
nectar",GMP,gmp,,290
,SACCHARINS,14.1.3.2,"Vegetable
nectar",80 mg/kg,numeric,,290
,Saffron,14.1.3.2,"Vegetable
nectar",GMP,gmp,,290
,SORBATES,14.1.3.2,"Vegetable
nectar",300 mg/kg,numeric,42,290
955,Sucralose,14.1.3.2,"Vegetable
nectar",300 mg/kg,numeric,,290
400,Alginic acid,14.1.3.2,"Vegetable
nectar",GMP,gmp,,290
140,Chlorophylls,14.1.3.2,"Vegetable
nectar",100 mg/kg,numeric,,290
150a,Caramel,14.1.3.2,"Vegetable
nectar",100 mg/kg,numeric,,290
,"beta-Carotenes,",14.1.3.2,"Vegetable
nectar",100 mg/kg,numeric,,290
,CAROTENOI,14.1.3.2,"Vegetable
nectar",100 mg/kg,numeric,,290
161g,Canthaxanthin,14.1.3.2,"Vegetable
nectar",100 mg/kg,numeric,,290
,RIBOFLAVIN,14.1.3.2,"Vegetable
nectar",100 mg/kg,numeric,,290
,Annatto,14.1.3.2,Annatto,100 mg/kg,numeric,,290
,SULPHITES,14.1.3.2,Annatto,70 mg/kg,numeric,44,290
452(i),Sodium,14.1.3.2,Annatto,"1,000 mg/kg",numeric,,290
334,Tartaric acid,14.1.3.2,Annatto,GMP,gmp,,290
950,Acesulfame,14.1.3.3,Concentrates of,350 mg/kg,numeric,"188, 127",290
300,"Ascorbic acid,",,,GMP,gmp,127,291
400,Alginic acid,,,GMP,gmp,,291
401,Sodium alginate,,,GMP,gmp,,291
404,Calcium alginate,,,GMP,gmp,,291
405,Propylene glycol,,,GMP,gmp,,291
951,Aspartame,,,600 mg/kg,numeric,"191, 127",291
,BENZOATES,,,"1,000 mg/kg",numeric,"13,91,127",291
302,Calcium,,,GMP,gmp,127,291
290,Carbon dioxide,,,GMP,gmp,"69, 127",291
330,Citric acid,,,"5,000 mg/kg",numeric,127,291
296,"Malic acid, DL-",,,GMP,gmp,127,291
,Lecithins,,Lecithins,GMP,gmp,,291
,PHOSPHATES,,Lecithins,"1,000 mg/kg",numeric,"40, 33, 12",291
440,Pectins,,Lecithins,GMP,gmp,127,291
,SACCHARINS,,Lecithins,80 mg/kg,numeric,127,291
,SORBATES,,SORBATES,"1,000 mg/kg",numeric,"127, 91,",291
301,Sodium,,SORBATES,GMP,gmp,127,291
955,Sucralose,,SORBATES,300 mg/kg,numeric,127,291
,SULFITES,,SORBATES,50 mg/kg,numeric,"44, 127",291
,TARTRATES,,TARTRATES,"4,000 mg/kg",numeric,"45,127",291
950,Acesulfame,14.1.3.4,"Concentrates of
vegetable
nectar",350 mg/kg,numeric,"127,188",291
300,"Ascorbic acid,",14.1.3.4,"Concentrates of
vegetable
nectar",GMP,gmp,,291
951,Aspartame,14.1.3.4,"Concentrates of
vegetable
nectar",600 mg/kg,numeric,127,291
,BENZOATES,14.1.3.4,"Concentrates of
vegetable
nectar",600 mg/kg,numeric,"13,127",291
330,Citric acid,14.1.3.4,"Concentrates of
vegetable
nectar",GMP,gmp,,291
296,"Malic acid, DL-",14.1.3.4,"Concentrates of
vegetable
nectar",GMP,gmp,,291
961,Neotame,,,65 mg/kg,numeric,127,292
440,Pectins,,,GMP,gmp,,292
,SULFITES,,,50 mg/kg,numeric,"127, 44",292
955,"Sucralose
(Trichlorogalact
osucrose)",,,300 mg/kg,numeric,127,292
,"ASCORBYL
ESTERS",14.1.4,"Water-based
flavoured
drinks,
including
“sport,”“energ
y,” or
“electrolyte”
drinks and
particulated
drinks, includes
carbonated
fruit beverages,
carbonated
beverages with
fruit Water-based","1,000 mg/kg",numeric,"15, 10",292
950,"Acesulfame
potassium",14.1.4,"drinks,",600 mg/kg,numeric,188,292
129,Allura red AC,14.1.4,"drinks,",100 mg/kg,numeric,127,292
,Anthocyanins,14.1.4,"drinks,",GMP,gmp,,292
951,Aspartame,14.1.4,"drinks,",600 mg/kg,numeric,191,292
,BENZOATES,14.1.4,"drinks,",600 mg/kg,numeric,"13, 301,1
23",292
901,Beeswax,14.1.4,"drinks,",200 mg/kg,numeric,131,292
133,"Brilliant blue
FCF",14.1.4,"drinks,",100 mg/kg,numeric,,292
,"CAROTENOI
DS",14.1.4,"drinks,",100 mg/kg,numeric,,292
,"CHLOROPHY
LLS AND
CHLOROPHY
LLINS,
COPPER
COMPLEXES",14.1.4,"drinks,",300 mg/kg,numeric,127,292
902,Candelilla wax,14.1.4,"drinks,",200 mg/kg,numeric,131,292
150c,"Caramel III -
ammonia
caramel",14.1.4,"drinks,","5,000 mg/kg",numeric,9,292
150d,"Caramel IV –
sulfite ammonia
caramel",14.1.4,"drinks,","50,000 mg/kg",numeric,127,292
903,Carnauba wax,14.1.4,"drinks,",200 mg/kg,numeric,131,292
,"beta-Carotenes,",,,"2,000 mg/kg",numeric,,293
459,"Cyclodextrin,",,,500 mg/kg,numeric,,293
472e,Diacetyltartaric,,,"5,000 mg/kg",numeric,127,293
,ETHYLENE,,,200 mg/kg,numeric,21,293
143,Fast green FCF,,,100 mg/kg,numeric,,293
,445(iii,,"Glycerol ester of
wood rosin Glycerol ester of 445(iii
)",150 mg/kg,numeric,100,293
163(ii),Grape skin,,"Glycerol ester of
wood rosin Glycerol ester of 445(iii
)",300 mg/kg,numeric,"181,127",293
,HYDROXYBE,,"Glycerol ester of
wood rosin Glycerol ester of 445(iii
)",500 mg/kg,numeric,27,293
,IRON OXIDES,,"Glycerol ester of
wood rosin Glycerol ester of 445(iii
)",100 mg/kg,numeric,,293
132,Indigotine,,"Glycerol ester of
wood rosin Glycerol ester of 445(iii
)",100 mg/kg,numeric,,293
384,Isopropyl,,"Glycerol ester of
wood rosin Glycerol ester of 445(iii
)",200 mg/kg,numeric,,293
961,Neotame,,"Glycerol ester of
wood rosin Glycerol ester of 445(iii
)",33 mg/kg,numeric,,293
,PHOSPHATES,,"Glycerol ester of
wood rosin Glycerol ester of 445(iii
)","1,000 mg/kg",numeric,"33,127",293
,POLYSORBA,,"Glycerol ester of
wood rosin Glycerol ester of 445(iii
)",500 mg/kg,numeric,127,293
900a,Polydimethylsil,,"Glycerol ester of
wood rosin Glycerol ester of 445(iii
)",20 mg/kg,numeric,127,293
1521,Polyethylene,,"Glycerol ester of
wood rosin Glycerol ester of 445(iii
)","1,000 mg/kg",numeric,,293
124,Ponceau 4R,,"Glycerol ester of
wood rosin Glycerol ester of 445(iii
)",100 mg/kg,numeric,,293
310,Propyl gallate,,,"1,000 mg/kg",numeric,15,294
477,Propylene glycol,,,500 mg/kg,numeric,,294
,QUILLAIA,,,50 mg/kg,numeric,"293,",294
,RIBOFLAVIN,,,100 mg/kg,numeric,,294
,SORBATES,,,500 mg/kg,numeric,"42, 127",294
,SULFITES,,SULFITES,70 mg/kg,numeric,"143, 44,",294
512,Stannous,,SULFITES,20 mg/kg,numeric,43,294
484,Stearyl citrate,,SULFITES,500 mg/kg,numeric,,294
960,Steviol,,SULFITES,200 mg/kg,numeric,26,294
955,Sucralose,,SULFITES,300 mg/kg,numeric,127,294
,Annatto,,Annatto,100 mg/kg,numeric,,294
161g,Canthaxanthin,,Annatto,100 mg/kg,numeric,,294
100,Curcumin,,Annatto,100 mg/kg,numeric,,294
122,Carmoisine,,Annatto,100 mg/kg,numeric,,294
127,Erythrosine,,Annatto,50 mg/kg,numeric,,294
242,Dimethyl,,"Dimethyl
dicarbonate",250 mg/kg,numeric,18,294
,Saffron,,,GMP,gmp,,295
102,Tartrazine,,,100 mg/kg,numeric,,295
474,Sucroglycerides,,,200 mg/kg,numeric,219,295
444,Sucrose acetate,,,500 mg/kg,numeric,,295
110,Sunset yellow,,,100 mg/kg,numeric,127,295
,THIODIPROP,,,"1,000 mg/kg",numeric,"15, 46",295
1505,Triethyl citrate,,,200 mg/kg,numeric,,295
,Quinine salts,,,100 mg/kg,numeric,,295
161g,Canthaxanthin,14.1.4.1,Carbonated,5 mg/kg,numeric,,295
243,Lauric arginate,14.1.4.1,water-based,50 mg/kg,numeric,,295
,RIBOFLAVIN,14.1.4.1,drinks,50 mg/kg,numeric,,295
,SACCHARINS,14.1.4.1,alcoholic-,300 mg/kg,numeric,,295
243,"Lauric arginate
ethyl ester",14.1.4.2,"Non-
carbonated
water-based
flavoured
drinks
including
punches and Non-",50 mg/kg,numeric,,295
,RIBOFLAVINS,14.1.4.2,"Non-
carbonated
water-based
flavoured
drinks
including
punches and Non-",50 mg/kg,numeric,,295
,SACCHARINS,14.1.4.2,drinks,300 mg/kg,numeric,,295
334,L-Tartaric acid,14.1.4.2,including,GMP,gmp,,295
100,Curcumin,,"ades, ginger
cocktail (ginger
beer and
gingerale),
thermally
processed fruit
beverages/ fruit
drinks/ready to
serve fruit
beverages",200 mg/kg,numeric,,296
,"beta-Carotenes,
vegetable",,"ades, ginger
cocktail (ginger
beer and
gingerale),
thermally
processed fruit
beverages/ fruit
drinks/ready to
serve fruit
beverages",200 mg/kg,numeric,,296
,CAROTENOIDS,,"ades, ginger
cocktail (ginger
beer and
gingerale),
thermally
processed fruit
beverages/ fruit
drinks/ready to
serve fruit
beverages",200 mg/kg,numeric,,296
160,Annatto,,Annatto,200 mg/kg,numeric,,296
,Saffron,,Annatto,GMP,gmp,,296
124,Ponceau 4R,,Annatto,200 mg/kg,numeric,,296
122,Carmoisine,,Annatto,200 mg/kg,numeric,,296
127,Erythrosine,,Annatto,100 mg/kg,numeric,,296
102,Tartarzine,,Annatto,200 mg/kg,numeric,,296
110,Sunset yellow,,Annatto,200 mg/kg,numeric,,296
132,Indogotine,,Annatto,200 mg/kg,numeric,,296
133,Brilliant Blue,,Annatto,200 mg/kg,numeric,,296
143,Fast green FCF,,Annatto,200 mg/kg,numeric,,296
,BENZOATES,,Annatto,600 mg/kg,numeric,,296
,SULFITES,,Annatto,350 mg/kg,numeric,,296
,SORBATES,,Annatto,"1,000 mg/kg",numeric,,296
405,Propylene glycol,,Annatto,GMP,gmp,,296
400,Alginic acid,,Alginic acid,GMP,gmp,,296
401,Sodium alginate,,Alginic acid,GMP,gmp,,296
404,Calcium alginate,,Alginic acid,GMP,gmp,,296
,445(iii,,Glycerol ester of,100 mg/kg,numeric,,297
554,Sodium,,Glycerol ester of,5 g/kg,numeric,,297
161g,Canthaxanthin,,Canthaxanthin,5 mg/kg,numeric,"127,",297
381,Ferric ammonium,,Canthaxanthin,10 mg/kg,numeric,23,297
243,Lauric arginate,,Canthaxanthin,50 mg/kg,numeric,127,297
1201,Polyvinylpyrrolid,,Canthaxanthin,500 mg/kg,numeric,,297
,RIBOFLAVINS,,Canthaxanthin,50 mg/kg,numeric,,297
,SACCHARINS,,Canthaxanthin,300 mg/kg,numeric,127,297
334,L-Tartaric acid,,Canthaxanthin,GMP,gmp,,297
338,Phosphoric acid,,Phosphoric acid,GMP,gmp,,297
,SACCHARINS,,Phosphoric acid,450 mg/kg,numeric,,297
951,Aspartame,,Aspartame,"3,000 mg/kg",numeric,,297
950,Acesulfame,,Aspartame,"1,500 mg/kg",numeric,,297
100,Curcumin,,Curcumin,200 mg/kg,numeric,,297
160a,"beta-Carotenes,",,Curcumin,200 mg/kg,numeric,,297
,CAROTENOIDS,,Curcumin,200 mg/kg,numeric,,297
161g,Canthaxanthin,,Curcumin,200 mg/kg,numeric,,297
,RIBOFLAVINS,,Curcumin,200 mg/kg,numeric,,297
160b,Annatto,,Annatto,200 mg/kg,numeric,,297
,Saffron,,Annatto,GMP,gmp,,297
124,Ponceau 4R,,,200 mg/kg,numeric,127,298
122,Carmoisine,,,200 mg/kg,numeric,127,298
127,Erythrosine,,,100 mg/kg,numeric,127,298
102,Tartarzine,,,200 mg/kg,numeric,127,298
110,Sunset yellow,,,200 mg/kg,numeric,127,298
132,Indogotine,,,200 mg/kg,numeric,127,298
133,Brilliant blue FCF,,,200 mg/kg,numeric,127,298
143,Fast green FCF,,,200 mg/kg,numeric,127,298
,BENZOATES,,,600 mg/kg,numeric,127,298
,SULFITES,,,350 mg/kg,numeric,44,298
,Glycerol ester of,,,450 mg/kg,numeric,127,298
,Quinine sulphate,,Quinine sulphate,450 mg/kg,numeric,,298
334,L-Tartaric acid,,Quinine sulphate,GMP,gmp,,298
100,Curcumin,,Quinine sulphate,200 mg/kg,numeric,,298
,"beta-Carotenes,",,Quinine sulphate,200 mg/kg,numeric,,298
,CAROTENOIDS,,Quinine sulphate,200 mg/kg,numeric,,298
161g,Canthaxanthin,,Quinine sulphate,200 mg/kg,numeric,,298
,RIBOFLAVINS,,Quinine sulphate,200 mg/kg,numeric,,298
,Annatto,,Quinine sulphate,200 mg/kg,numeric,,298
124,Ponceau 4R,,Quinine sulphate,200 mg/kg,numeric,,298
,Saffron,,Quinine sulphate,GMP,gmp,,298
127,Erythrosine,,Quinine sulphate,100 mg/kg,numeric,,298
122,Carmosine,,Quinine sulphate,200 mg/kg,numeric,,298
110,Sunset yellow,,Quinine sulphate,200 mg/kg,numeric,,298
132,Indogotine,,,200 mg/kg,numeric,,299
133,Brilliant blue FCF,,,200 mg/kg,numeric,,299
143,Fast green FCF,,,200 mg/kg,numeric,,299
102,Tartrazine,,,200 mg/kg,numeric,,299
,BENZOATES,,,600 mg/kg,numeric,13,299
,SULFITES,,,350 mg/kg,numeric,"122, 44",299
,SORBATES,,,"1,000 mg/kg",numeric,42,299
405,Propylene glycol,,,GMP,gmp,,299
950,Acesulfame,14.1.5,"Coffee, coffee
/coffee
substitutes, tea,
herbal
infusions, and
other hot cereal
and grain
beverages,
excluding cocoa",600 mg/kg,numeric,"188, 160",299
260,"Acetic acid,",14.1.5,"Coffee, coffee
/coffee
substitutes, tea,
herbal
infusions, and
other hot cereal
and grain
beverages,
excluding cocoa",GMP,gmp,160,299
472a,Acetic and fatty,14.1.5,"Coffee, coffee
/coffee
substitutes, tea,
herbal
infusions, and
other hot cereal
and grain
beverages,
excluding cocoa",GMP,gmp,160,299
1422,Acetylated,14.1.5,"Coffee, coffee
/coffee
substitutes, tea,
herbal
infusions, and
other hot cereal
and grain
beverages,
excluding cocoa",GMP,gmp,160,299
1414,Acetylated,14.1.5,"Coffee, coffee
/coffee
substitutes, tea,
herbal
infusions, and
other hot cereal
and grain
beverages,
excluding cocoa",GMP,gmp,160,299
1401,Acid-treated,14.1.5,"Coffee, coffee
/coffee
substitutes, tea,
herbal
infusions, and
other hot cereal
and grain
beverages,
excluding cocoa",GMP,gmp,160,299
400,Alginic acid,14.1.5,"Coffee, coffee
/coffee
substitutes, tea,
herbal
infusions, and
other hot cereal
and grain
beverages,
excluding cocoa",GMP,gmp,160,299
406,Agar,14.1.5,"Coffee, coffee
/coffee
substitutes, tea,
herbal
infusions, and
other hot cereal
and grain
beverages,
excluding cocoa",GMP,gmp,160,299
1402,Alkaline treated,14.1.5,"Coffee, coffee
/coffee
substitutes, tea,
herbal
infusions, and
other hot cereal
and grain
beverages,
excluding cocoa",GMP,gmp,160,299
300,"Ascorbic acid, L-",14.1.5,"Coffee, coffee
/coffee
substitutes, tea,
herbal
infusions, and
other hot cereal
and grain
beverages,
excluding cocoa",GMP,gmp,160,299
951,Aspartame,14.1.5,"Coffee, coffee
/coffee
substitutes, tea,
herbal
infusions, and
other hot cereal
and grain
beverages,
excluding cocoa",600 mg/kg,numeric,160,299
,BENZOATES,14.1.5,"Coffee, coffee
/coffee
substitutes, tea,
herbal
infusions, and
other hot cereal
and grain
beverages,
excluding cocoa","1,000 mg/kg",numeric,13,299
901,Beeswax,14.1.5,"Coffee, coffee
/coffee
substitutes, tea,
herbal
infusions, and
other hot cereal
and grain
beverages,
excluding cocoa",GMP,gmp,108,299
1403,Bleached starch,14.1.5,"Coffee, coffee
/coffee
substitutes, tea,
herbal
infusions, and
other hot cereal
and grain
beverages,
excluding cocoa",GMP,gmp,160,299
170(i),Calcium,14.1.5,"Coffee, coffee
/coffee
substitutes, tea,
herbal
infusions, and
other hot cereal
and grain
beverages,
excluding cocoa",GMP,gmp,160,299
509,Calcium chloride,14.1.5,"Coffee, coffee
/coffee
substitutes, tea,
herbal
infusions, and
other hot cereal
and grain
beverages,
excluding cocoa",GMP,gmp,160,299
327,Calcium lactate,,,GMP,gmp,160,300
902,Candelilla wax,,,GMP,gmp,108,300
290,Carbon dioxide,,,GMP,gmp,"59,160",300
150d,Caramel IV –,,,"10,000 mg/kg",numeric,"10,000",300
903,Carnauba wax,,,200 mg/kg,numeric,108,300
410,Carob bean gum,,,GMP,gmp,160,300
407,Carrageenan,,,GMP,gmp,160,300
330,Citric acid,,,GMP,gmp,160,300
472c,Citric and fatty,,,GMP,gmp,160,300
1400,"Dextrins, roasted",,,GMP,gmp,"90,160",300
472e,Diacetyltartaric,,,500 mg/kg,numeric,142,300
242,Dimethyl,,,250 mg/kg,numeric,18,300
1412,Distarch,,,GMP,gmp,160,300
627,Disodium 5’-,,,GMP,gmp,201,300
631,Disodium 5’-,,,GMP,gmp,201,300
635,Disodium 5’-,,,GMP,gmp,201,300
386,ETHYLENE,,,35 mg/kg,numeric,21,300
297,Fumaric acid,,,GMP,gmp,160,300
418,Gellan gum,,,GMP,gmp,160,300
422,Glycerol,,,GMP,gmp,160,300
412,Guar gum,,,GMP,gmp,160,301
414,Gum arabic,,,GMP,gmp,160,301
,HYDROXYBEN,,,450 mg/kg,numeric,"27,160",301
463,Hydroxypropyl,,,GMP,gmp,160,301
1442,Hydroxypropyl,,,GMP,gmp,160,301
464,Hydroxypropyl,,,GMP,gmp,160,301
1440,Hydroxypropyl,,,GMP,gmp,160,301
416,Karaya gum,,,GMP,gmp,160,301
425,Konjac flour,,,GMP,gmp,160,301
472b,Lactic and fatty,,,GMP,gmp,160,301
,Lecithins,,Lecithins,GMP,gmp,160,301
504(i),Magnesium,,Lecithins,GMP,gmp,160,301
511,Magnesium,,Lecithins,GMP,gmp,160,301
528,Magnesium,,Lecithins,GMP,gmp,160,301
504(ii),Magnesium,,Lecithins,GMP,gmp,160,301
296,"Malic acid, DL-",,Lecithins,GMP,gmp,160,301
461,Methyl cellulose,,Lecithins,GMP,gmp,160,301
465,Methyl ethyl,,Lecithins,GMP,gmp,160,301
460(i),Microcrystalline,,Lecithins,GMP,gmp,160,301
471,Mono- and di-,,,GMP,gmp,160,302
621,Monosodium L-,,,GMP,gmp,160,302
1410,Monostarch,,,GMP,gmp,160,302
961,Neotame,,,50 mg/kg,numeric,160,302
941,Nitrogen,,,GMP,gmp,"160, 59",302
1404,Oxidized starch,,,GMP,gmp,160,302
,PHOSPHATES,,,300 mg/kg,numeric,"33, 160",302
440,Pectins,,,GMP,gmp,160,302
1413,Phosphated,,,GMP,gmp,160,302
501(i),Potassium,,,GMP,gmp,160,302
508,Potassium,,,GMP,gmp,160,302
332(i),Potassium,,,GMP,gmp,160,302
460(ii),Powdered,,,GMP,gmp,160,302
407a,Processed,,,GMP,gmp,160,302
1204,Pullulan,,,GMP,gmp,160,302
,SACCHARINS,,,200 mg/kg,numeric,160,302
,SORBATES,,,500 mg/kg,numeric,"42,160",302
470(i),"Salts of myristic,",,,GMP,gmp,160,302
470(ii),Salts of oleic acid,,,GMP,gmp,160,303
904,"Shellac, bleached",,,GMP,gmp,108,303
350(ii),Sodium DL-,,,GMP,gmp,160,303
551,"Silicon dioxide,",,,GMP,gmp,321,303
262(i),Sodium acetate,,,GMP,gmp,160,303
401,Sodium alginate,,,GMP,gmp,160,303
301,Sodium ascorbate,,,GMP,gmp,160,303
500(i),Sodium carbonate,,,GMP,gmp,160,303
466,Carboxymethyl,,,GMP,gmp,160,303
331(i),Sodium,,,GMP,gmp,160,303
365,Sodium fumarates,,,GMP,gmp,160,303
576,Sodium gluconate,,,GMP,gmp,160,303
500(ii),Sodium hydrogen,,,GMP,gmp,160,303
325,Sodium lactate,,,GMP,gmp,160,303
1405,"Starches, enzyme",,,GMP,gmp,160,303
1450,Starch sodium,,,GMP,gmp,160,303
960,Steviol glycosides,,,200 mg/kg,numeric,"160,26",303
955,Sucralose,,,300 mg/kg,numeric,160,303
474,Sucroglycerides,,,"1,000 mg/kg",numeric,176,303
417,Tara gum,,,GMP,gmp,160,303
413,Tragacanth gum,,,GMP,gmp,160,303
332(ii),Tripotassium,,,GMP,gmp,160,303
,331(iii,,Trisodium citrate Trisodium citrate,GMP,gmp,160,304
415,Xanthan gum,,Trisodium citrate Trisodium citrate,GMP,gmp,160,304
,Sorbitol,,Sorbitol,GMP,gmp,,304
,Sorbitol syrup,,Sorbitol,GMP,gmp,,304
421,Mannitol,,Sorbitol,GMP,gmp,,304
953,Isomalt,,Sorbitol,GMP,gmp,,304
,Maltitol,,Maltitol,GMP,gmp,,304
,Maltitol syrup,,Maltitol,GMP,gmp,,304
967,Xylitol,,Maltitol,GMP,gmp,,304
966,Lactitol,,Maltitol,GMP,gmp,,304
968,Erythritol,,Maltitol,GMP,gmp,2023,304
150d,Caramel IV –,,Maltitol,"50,000 mg/kg",numeric,"50,000",304
,"beta-Carotenes,",,Maltitol,600 mg/kg,numeric,,304
,ETHYLENE,,Maltitol,25 mg/kg,numeric,21,304
900a,Polydimethylsilox,,Maltitol,10 mg/kg,numeric,,304
1201,Polyvinylpyrrolid,,,10 mg/kg,numeric,36,305
,SULFITES,,SULFITES,50 mg/kg,numeric,44,305
,BENZOATES,14.2.2,"Cider and
perry","1,000 mg/kg",numeric,"124, 13",305
,CAROTENOIDS,14.2.2,"Cider and
perry",200 mg/kg,numeric,,305
150c,Caramel III -,14.2.2,"Cider and
perry","1,000 mg/kg",numeric,,305
150d,Caramel IV –,14.2.2,"Cider and
perry","1,000 mg/kg",numeric,,305
,"beta-Carotenes,",14.2.2,"Cider and
perry",600 mg/kg,numeric,,305
472e,Diacetyltartaric,14.2.2,"Cider and
perry","5,000 mg/kg",numeric,,305
242,Dimethyl,14.2.2,"Cider and
perry",250 mg/kg,numeric,18,305
163(ii),Grape skin extract,14.2.2,Grape skin extract,300 mg/kg,numeric,181,305
,HYDROXYBEN,14.2.2,Grape skin extract,200 mg/kg,numeric,27,305
1105,Lysozyme,14.2.2,Grape skin extract,500 mg/kg,numeric,,305
,PHOSPHATES,14.2.2,Grape skin extract,880 mg/kg,numeric,33,305
900a,Polydimethylsilox,14.2.2,Grape skin extract,10 mg/kg,numeric,,305
1201,Polyvinylpyrrolid,14.2.2,Grape skin extract,2 mg/kg,numeric,36,305
,RIBOFLAVINS,14.2.2,Grape skin extract,300 mg/kg,numeric,,305
,SORBATES,14.2.2,Grape skin extract,500 mg/kg,numeric,42,305
,SULFITES,14.2.2,Grape skin extract,200 mg/kg,numeric,44,305
242,Dimethyl,14.2.3,Grape wines,200 mg/kg,numeric,18,305
290,Carbon dioxide,14.2.3,Grape wines,GMP,gmp,60,305
1105,Lysozyme,,,500 mg/kg,numeric,,306
,SORBATES,,,200 mg/kg,numeric,42,306
,SULFITES,,,350 mg/kg,numeric,"44, 103",306
296,"52[ Malic acid,",,,GMP,gmp,,306
300,Ascorbic acid L-,,,300 mg/kg,numeric,,306
330,Citric acid,,,"1,000 mg/kg",numeric,,306
334,Tartaric acid,,,GMP,gmp,,306
270,Lactic acid,,,GMP,gmp,,306
414,Gum arabic,,,300 mg/kg,numeric,,306
181,Tannins,,,GMP,gmp,,306
353,Metatartaric acid,,,100 mg/kg,numeric,,306
150a,Caramel (plain),,Caramel (plain),GMP,gmp,,306
466,"Carboxymethyl-
Cellulose",,Caramel (plain),100 mg/kg,numeric,,306
170(i),Calcium,,Caramel (plain),GMP,gmp,,306
1202,Polyvinyl-,,Caramel (plain),800 mg/kg,numeric,,306
941,Nitrogen,,Caramel (plain),GMP,gmp,,306
948,Oxygen,,Caramel (plain),GMP,gmp,,306
336,"Potassium-D,L-",,Caramel (plain),GMP,gmp,,306
354,Calcium tartrate,,Caramel (plain),GMP,gmp,,306
,Copper sulphate,,Caramel (plain),10 mg/l,numeric,,306
938,Argon,,,GMP,gmp,,307
150b,Caramel II,,,GMP,gmp,,307
,Yeast manno,,,GMP,gmp,,307
536,Potassium,,,GMP,gmp,,307
,Urease,,,GMP,gmp,,307
,Silver chloride,,Silver chloride,10 mg/l,numeric,,307
342(i),Ammonium,,Silver chloride,300 mg/l,numeric,,307
342(ii),Diammonium,,"Diammonium
diphosphate",300 mg/l,numeric,,307
517,"Ammonium
sulfate",,"Diammonium
diphosphate",300 mg/l,numeric,,307
,Ammonium,,"Diammonium
diphosphate",GMP,gmp,,307
,Thiamin,,"Diammonium
diphosphate",GMP,gmp,,307
,Yeasts products,,Yeasts products,GMP,gmp,,307
501(i),Potassium,,,GMP,gmp,,308
501(ii),Potassium,,,GMP,gmp,,308
,Lactic acid,,"Lactic acid
bacteria",GMP,gmp,,308
1202,olyvinylpolypyrr,,,800 mg/l,numeric,,309
,Proteins from,,"Proteins from
plant origin",GMP,gmp,,309
,Casein,,"Proteins from
plant origin",GMP,gmp,,309
,Potassium,,"Proteins from
plant origin",GMP,gmp,,309
,Gelatin ( edible),,"Proteins from
plant origin",GMP,gmp,,309
,Isinglass (Fish,,"Proteins from
plant origin",GMP,gmp,,309
,Egg white,,"Egg white
albumin",GMP,gmp,,309
551,Silicon dioxide,,"Egg white
albumin",GMP,gmp,,309
558,Bentonite,,"Egg white
albumin",GMP,gmp,,309
559,Aluminium,,Aluminium,GMP,gmp,,309
,β-Glucanases,,,GMP,gmp,,310
,Yeast protein,,"Yeast protein
extract",GMP,gmp,,310
,Adsorbant,,"Yeast protein
extract",GMP,gmp,,310
460(i),Microcrystalline,,"Microcrystalline
cellulose",GMP,gmp,,310
404,Calcium alginate,,"Microcrystalline
cellulose",GMP,gmp,,310
402,Potassium,,"Microcrystalline
cellulose",GMP,gmp,,310
,Yeast,,"Microcrystalline
cellulose",GMP,gmp,,310
,Calcium phytate,,,GMP,gmp,,311
,Chitosan,,,GMP,gmp,,311
,Chitin-Glucan,,,GMP,gmp,,311
,Mixture of Mono-,,,GMP,gmp,,311
150d,Caramel IV –,,liquor wines,"50,000 mg/kg",numeric,"50,000",311
,BENZOATES,14.2.4,"Wines (other
than grape) Wines (other","1,000 mg/kg",numeric,"124, 13",311
,CAROTENOIDS,14.2.4,than grape),200 mg/kg,numeric,,311
150c,Caramel III -,14.2.4,than grape),"1,000 mg/kg",numeric,,311
150d,Caramel IV –,14.2.4,than grape),"1,000 mg/kg",numeric,,311
,"beta-Carotenes,",14.2.4,than grape),600 mg/kg,numeric,,311
472e,Diacetyltartaric,14.2.4,than grape),"5,000 mg/kg",numeric,,311
242,Dimethyl,14.2.4,than grape),250 mg/kg,numeric,18,311
163(ii),Grape skin extract,14.2.4,than grape),300 mg/kg,numeric,181,311
,HYDROXYBEN,14.2.4,than grape),200 mg/kg,numeric,27,311
,RIBOFLAVINS,14.2.4,than grape),300 mg/kg,numeric,,311
,SORBATES,,,500 mg/kg,numeric,42,312
,SULFITES,,,200 mg/kg,numeric,44,312
,BENZOATES,14.2.5,Mead,"1,000 mg/kg",numeric,13,312
242,Dimethyl,14.2.5,Mead,200 mg/kg,numeric,18,312
,HYDROXYBEN,14.2.5,Mead,200 mg/kg,numeric,27,312
,PHOSPHATES,14.2.5,Mead,440 mg/kg,numeric,"33,88",312
,SORBATES,14.2.5,Mead,200 mg/kg,numeric,42,312
,SULFITES,14.2.5,Mead,200 mg/kg,numeric,44,312
,CAROTENOIDS,14.2.6,"Distilled
spirituous
beverages
containing
more than 15
% alcohol",200 mg/kg,numeric,,312
161g,Canthaxanthin,14.2.6,"Distilled
spirituous
beverages
containing
more than 15
% alcohol",5 mg/kg,numeric,,312
150d,Caramel IV –,14.2.6,"Distilled
spirituous
beverages
containing
more than 15
% alcohol","50,000 mg/kg",numeric,"50,000",312
,"beta-Carotenes,",14.2.6,"Distilled
spirituous
beverages
containing
more than 15
% alcohol",600 mg/kg,numeric,,312
472e,Diacetyltartaric,14.2.6,"Distilled
spirituous
beverages
containing
more than 15
% alcohol","5,000 mg/kg",numeric,,312
,ETHYLENE,14.2.6,"Distilled
spirituous
beverages
containing
more than 15
% alcohol",25 mg/kg,numeric,21,312
163(ii),Grape skin extract,14.2.6,"Distilled
spirituous
beverages
containing
more than 15
% alcohol",300 mg/kg,numeric,181,312
,PHOSPHATES,14.2.6,"Distilled
spirituous
beverages
containing
more than 15
% alcohol",440 mg/kg,numeric,"33, 88",312
,"POLYSORBAT
ES",14.2.6,"Distilled
spirituous
beverages
containing
more than 15
% alcohol",120 mg/kg,numeric,,312
,SULFITES,,,200 mg/kg,numeric,44,313
474,Sucroglycerides,,,"5,000 mg/kg",numeric,,313
150b,Caramel II -,,,GMP,gmp,,313
175,Gold (colour),,,GMP,gmp,,313
174,Silver (colour),,,GMP,gmp,,313
,"445(iii
)",,"Glycerol esters Of
wood Resin",GMP,gmp,,313
307,Alpha-Tocopherol,,"Glycerol esters Of
wood Resin",GMP,gmp,,313
,RIBOFLAVINS,,"Glycerol esters Of
wood Resin",GMP,gmp,,313
,"CHLOROPHYL
LS AND
CHLOROPHYL
LINS, COPPER
COMPLEXES",,"Glycerol esters Of
wood Resin",100 mg/kg,numeric,,313
102,Tatrazine,,"Glycerol esters Of
wood Resin",100 mg/kg,numeric,,313
122,Carmoisine,,"Glycerol esters Of
wood Resin",100 mg/kg,numeric,,313
133,"Brilliant Blue
FCF",,"Glycerol esters Of
wood Resin",100 mg/kg,numeric,,313
110,"Sunset Yellow
FCF",,"Glycerol esters Of
wood Resin",100 mg/kg,numeric,,313
124,Ponceau 4R,,"Glycerol esters Of
wood Resin",100 mg/kg,numeric,,313
950,Acesulfame,14.2.7,"Aromatized
alcoholic
beverages",350 mg/kg,numeric,188,315
951,Aspartame,14.2.7,"Aromatized
alcoholic
beverages",600 mg/kg,numeric,191,315
962,Aspartame-,14.2.7,"Aromatized
alcoholic
beverages",350 mg/kg,numeric,113,315
,BENZOATES,14.2.7,"Aromatized
alcoholic
beverages","1,000 mg/kg",numeric,13,315
160e,CAROTENOIDS,14.2.7,"Aromatized
alcoholic
beverages",200 mg/kg,numeric,,315
161g,Canthaxanthin,,,5 mg/kg,numeric,,316
150d,Caramel IV –,,,"50,000 mg/kg",numeric,"50,000",316
,"beta-Carotenes,",,,600 mg/kg,numeric,,316
,ETHYLENE,,,25 mg/kg,numeric,21,316
163(ii),Grape skin extract,,,300 mg/kg,numeric,181,316
,HYDROXYBEN,,,"1,000 mg/kg",numeric,"224, 27",316
961,Neotame,,,33 mg/kg,numeric,,316
,POLYSORBAT,,,120 mg/kg,numeric,,316
900a,Polydimethylsilox,,,10 mg/kg,numeric,,316
,RIBOFLAVINS,,RIBOFLAVINS,100 mg/kg,numeric,,316
,SACCHARINS,,RIBOFLAVINS,80 mg/kg,numeric,,316
,SORBATES,,RIBOFLAVINS,500 mg/kg,numeric,"224, 42",316
,SULFITES,,RIBOFLAVINS,250 mg/kg,numeric,44,316
955,Sucralose,,RIBOFLAVINS,700 mg/kg,numeric,,316
474,Sucroglycerides,,Sucroglycerides,"5,000 mg/kg",numeric,,316
338,Phosphoric acid,,Sucroglycerides,"1,000 mg/kg",numeric,,316
102,Tatrazine,,Sucroglycerides,100 mg/kg,numeric,,316
122,Carmoisine,,,100 mg/kg,numeric,,317
133,Brilliant Blue,,,100 mg/kg,numeric,,317
110,Sunset Yellow,,,100 mg/kg,numeric,,317
124,Ponceau 4R,,,100 mg/kg,numeric,,317
129,Allura Red,,Allura Red,100 mg/kg,numeric,100,317
950,Acesulfame potassium,15.0,"Ready-
to-eat
savourie
s",350 mg/kg,numeric,188,318
951,Aspartame,15.0,"Ready-
to-eat
savourie
s",500 mg/kg,numeric,191,318
961,Neotame,15.0,"Ready-
to-eat
savourie
s",32 mg/kg,numeric,,318
901,Beeswax,15.0,"Ready-
to-eat
savourie
s",GMP,gmp,3,318
321,"Butylated hydroxytoluene
(BHT)",15.0,"Ready-
to-eat
savourie
s",200 mg/kg,numeric,"15,
130",318
902,Candelilla wax,15.0,"Ready-
to-eat
savourie
s",GMP,gmp,3,318
903,Carnauba wax,15.0,"Ready-
to-eat
savourie
s",GMP,gmp,3,318
150c,"Caramel III - ammonia
caramel",15.0,"Ready-
to-eat
savourie
s","10,000 mg/kg",numeric,,318
150d,"Caramel IV –sulfite
ammonia caramel",,,"10,000 mg/kg",numeric,,319
,PHOSPHATES,,,"2,200 mg/kg",numeric,33,319
,SACCHARINS,,,100 mg/kg,numeric,,319
960,Steviol glycosides,,,170 mg/kg,numeric,26,319
955,"Sucralose
(Trichlorogalactosucrose)",,,"1,000 mg/kg",numeric,,319
904,"Shellac, bleached",,,GMP,gmp,3,319
,"THIODIPROPIONATE
S",,,200 mg/kg,numeric,46,319
319,TBHQ,,,200 mg/kg,numeric,"15,
130",319
,ASCORBYL ESTERS,15.1,"Snacks
and
savourie
s –
potato,
cereal,
flour or
starch
based
(from
roots
and
tubers,
pulses
and
legumes)",200 mg/kg,numeric,10,319
129,Allura red AC,15.1,"Snacks
and
savourie
s –
potato,
cereal,
flour or
starch
based
(from
roots
and
tubers,
pulses
and
legumes)",100 mg/kg,numeric,,319
133,Brilliant blue FCF,15.1,"Snacks
and
savourie
s –
potato,
cereal,
flour or
starch
based
(from
roots
and
tubers,
pulses
and
legumes)",100 mg/kg,numeric,,319
320,Butylated hydroxyanisole,15.1,"Snacks
and
savourie
s –
potato,
cereal,
flour or
starch
based
(from
roots
and
tubers,
pulses
and
legumes)",200 mg/kg,numeric,"15,
130",319
,CAROTENOIDS,15.1,"Snacks
and
savourie
s –
potato,
cereal,
flour or
starch
based
(from
roots
and
tubers,
pulses
and
legumes)",100 mg/kg,numeric,,319
,CHLOROPHYLLS,15.1,"Snacks
and
savourie
s –
potato,
cereal,
flour or
starch
based
(from
roots
and
tubers,
pulses
and
legumes)",350 mg/kg,numeric,,319
161g,Canthaxanthin,15.1,"Snacks
and
savourie
s –
potato,
cereal,
flour or
starch
based
(from
roots
and
tubers,
pulses
and
legumes)",45 mg/kg,numeric,,319
,"beta-Carotenes, vegetable",15.1,"beta-Carotenes, vegetable",100 mg/kg,numeric,,319
459,"Cyclodextrin, beta-",15.1,"beta-Carotenes, vegetable",500 mg/kg,numeric,,319
472e,"Diacetyltartaric and fatty
acid esters of glycerol",15.1,"beta-Carotenes, vegetable","20,000 mg/kg",numeric,,319
163(ii),Grape skin extract,15.1,"beta-Carotenes, vegetable",500 mg/kg,numeric,181,319
,HYDROXYBENZOATE,,,300 mg/kg,numeric,27,320
,IRON OXIDES,,,500 mg/kg,numeric,,320
132,Indigotine (Indigo,,,100 mg/kg,numeric,,320
124,Ponceau 4R,,,100 mg/kg,numeric,,320
310,Propyl gallate,,Propyl gallate,200 mg/kg,numeric,"15,
130",320
,RIBOFLAVINS,,Propyl gallate,300 mg/kg,numeric,,320
,BENZOATES,,Propyl gallate,"1,000 mg/kg",numeric,13,320
,SORBATES,,Propyl gallate,"1,000 mg/kg",numeric,42,320
,SULFITES,,Propyl gallate,50 mg/kg,numeric,44,320
,TOCOPHEROLS,,Propyl gallate,GMP,gmp,,320
110,Sunset yellow FCF,,Propyl gallate,100 mg/kg,numeric,,320
160c(i),Paprika oleoresin,,Propyl gallate,GMP,gmp,,320
100(i),Curcumin,,Propyl gallate,GMP,gmp,,320
100(ii),Turmeric,,Propyl gallate,GMP,gmp,,320
,ASCORBYL ESTERS,15.2,"Processe
d nuts
includin
g coated
nuts and
nut
mixtures",200 mg/kg,numeric,10,320
129,Allura red AC,15.2,"Processe
d nuts
includin
g coated
nuts and
nut
mixtures",100 mg/kg,numeric,,320
133,Brilliant blue FCF,15.2,"Processe
d nuts
includin
g coated
nuts and
nut
mixtures",100 mg/kg,numeric,,320
320,Butylated hydroxyanisole,15.2,"Processe
d nuts
includin
g coated
nuts and
nut
mixtures",200 mg/kg,numeric,"15,
130",320
,CAROTENOIDS,15.2,"Processe
d nuts
includin
g coated
nuts and
nut
mixtures",100 mg/kg,numeric,,320
,CHLOROPHYLLS,15.2,"Processe
d nuts
includin
g coated
nuts and
nut
mixtures",100 mg/kg,numeric,,320
,"beta-Carotenes, vegetable",15.2,"beta-Carotenes, vegetable",GMP,gmp,3,320
472e,Diacetyltartaric and fatty,,,"10,000 mg/kg",numeric,,321
163(ii),Grape skin extract,,,300 mg/kg,numeric,181,321
,HYDROXYBENZOATE,,,300 mg/kg,numeric,27,321
,IRON OXIDES,,,400 mg/kg,numeric,,321
132,Indigotine (Indigo,,,100 mg/kg,numeric,,321
961,Neotame,,,32 mg/kg,numeric,,321
124,Ponceau 4R,,,100 mg/kg,numeric,,321
310,Propyl gallate,,Propyl gallate,200 mg/kg,numeric,"15,
130",321
,RIBOFLAVINS,,Propyl gallate,"1,000 mg/kg",numeric,,321
,SORBATES,,Propyl gallate,"1,000 mg/kg",numeric,42,321
,CHLOROPHYLLS,15.3,"Snacks –
fish
based",350 mg/kg,numeric,,321
,"beta-Carotenes, vegetable",15.3,"beta-Carotenes, vegetable",100 mg/kg,numeric,,321
163(ii),Grape skin extract,15.3,"beta-Carotenes, vegetable",400 mg/kg,numeric,,321
